Run,AGE,Assay Type,AvgSpotLen,Bases,BioProject,BioSample,BioSampleModel,Bytes,Center Name,Consent,DATASTORE filetype,DATASTORE provider,DATASTORE region,dev_stage,Ecotype,Experiment,geo_loc_name_country,geo_loc_name_country_continent,geo_loc_name,Instrument,Library Name,LibraryLayout,LibrarySelection,LibrarySource,Organism,Platform,ReleaseDate,create_date,version,Sample Name,SRA Study,tissue,AssemblyName
SRR6862404,not applicable,WGS,299,3961439247,PRJNA434660,SAMN08567280,Plant,1293517909,SOUTH DAKOTA STATE UNIVERSITY,public,"bam,run.zq,sra","gs,ncbi,s3","gs.us-east1,ncbi.public,s3.us-east-1",4-8 leaves seedings,Columbia,SRX3817411,USA,North America,USA:Maryland,Illumina HiSeq 4000,99,PAIRED,RANDOM,GENOMIC,Arabidopsis thaliana,ILLUMINA,2018-12-11T00:00:00Z,2018-03-19T18:07:00Z,1,AthMu,SRP133100,leaf,TAIR10
SRR6862405,not applicable,WGS,296,1421272374,PRJNA434660,SAMN08567280,Plant,558725270,SOUTH DAKOTA STATE UNIVERSITY,public,"bam,run.zq,sra","gs,ncbi,s3","gs.us-east1,ncbi.public,s3.us-east-1",4-8 leaves seedings,Columbia,SRX3817410,USA,North America,USA:Maryland,Illumina HiSeq 4000,100,PAIRED,RANDOM,GENOMIC,Arabidopsis thaliana,ILLUMINA,2018-12-11T00:00:00Z,2018-03-19T18:03:00Z,1,AthMu,SRP133100,leaf,TAIR10
SRR6862406,not applicable,WGS,299,2795990745,PRJNA434660,SAMN08567280,Plant,895548902,SOUTH DAKOTA STATE UNIVERSITY,public,"bam,run.zq,sra","gs,ncbi,s3","gs.us-east1,ncbi.public,s3.us-east-1",4-8 leaves seedings,Columbia,SRX3817409,USA,North America,USA:Maryland,Illumina HiSeq 4000,89,PAIRED,RANDOM,GENOMIC,Arabidopsis thaliana,ILLUMINA,2018-12-11T00:00:00Z,2018-03-19T18:06:00Z,1,AthMu,SRP133100,leaf,TAIR10
SRR6862407,not applicable,WGS,299,4622783460,PRJNA434660,SAMN08567280,Plant,1432583424,SOUTH DAKOTA STATE UNIVERSITY,public,"bam,run.zq,sra","gs,ncbi,s3","gs.us-east1,ncbi.public,s3.us-east-1",4-8 leaves seedings,Columbia,SRX3817408,USA,North America,USA:Maryland,Illumina HiSeq 4000,91,PAIRED,RANDOM,GENOMIC,Arabidopsis thaliana,ILLUMINA,2018-12-11T00:00:00Z,2018-03-19T18:10:00Z,1,AthMu,SRP133100,leaf,TAIR10
SRR6862408,not applicable,WGS,298,3599274656,PRJNA434660,SAMN08567280,Plant,1133648998,SOUTH DAKOTA STATE UNIVERSITY,public,"bam,run.zq,sra","gs,ncbi,s3","gs.us-east1,ncbi.public,s3.us-east-1",4-8 leaves seedings,Columbia,SRX3817407,USA,North America,USA:Maryland,Illumina HiSeq 4000,86,PAIRED,RANDOM,GENOMIC,Arabidopsis thaliana,ILLUMINA,2018-12-11T00:00:00Z,2018-03-19T18:05:00Z,1,AthMu,SRP133100,leaf,TAIR10
SRR6862409,not applicable,WGS,299,3085137323,PRJNA434660,SAMN08567280,Plant,981813558,SOUTH DAKOTA STATE UNIVERSITY,public,"bam,run.zq,sra","gs,ncbi,s3","gs.us-east1,ncbi.public,s3.us-east-1",4-8 leaves seedings,Columbia,SRX3817406,USA,North America,USA:Maryland,Illumina HiSeq 4000,88,PAIRED,RANDOM,GENOMIC,Arabidopsis thaliana,ILLUMINA,2018-12-11T00:00:00Z,2018-03-19T18:04:00Z,1,AthMu,SRP133100,leaf,TAIR10
SRR6862410,not applicable,WGS,299,4299432211,PRJNA434660,SAMN08567280,Plant,1340515922,SOUTH DAKOTA STATE UNIVERSITY,public,"bam,run.zq,sra","gs,ncbi,s3","gs.us-east1,ncbi.public,s3.us-east-1",4-8 leaves seedings,Columbia,SRX3817405,USA,North America,USA:Maryland,Illumina HiSeq 4000,96,PAIRED,RANDOM,GENOMIC,Arabidopsis thaliana,ILLUMINA,2018-12-11T00:00:00Z,2018-03-19T18:06:00Z,1,AthMu,SRP133100,leaf,TAIR10
SRR6862411,not applicable,WGS,298,3094230694,PRJNA434660,SAMN08567280,Plant,987022221,SOUTH DAKOTA STATE UNIVERSITY,public,"bam,run.zq,sra","gs,ncbi,s3","gs.us-east1,ncbi.public,s3.us-east-1",4-8 leaves seedings,Columbia,SRX3817404,USA,North America,USA:Maryland,Illumina HiSeq 4000,98,PAIRED,RANDOM,GENOMIC,Arabidopsis thaliana,ILLUMINA,2018-12-11T00:00:00Z,2018-03-19T18:05:00Z,1,AthMu,SRP133100,leaf,TAIR10
SRR6862412,not applicable,WGS,298,5081054568,PRJNA434660,SAMN08567280,Plant,1622050065,SOUTH DAKOTA STATE UNIVERSITY,public,"bam,run.zq,sra","gs,ncbi,s3","gs.us-east1,ncbi.public,s3.us-east-1",4-8 leaves seedings,Columbia,SRX3817403,USA,North America,USA:Maryland,Illumina HiSeq 4000,92,PAIRED,RANDOM,GENOMIC,Arabidopsis thaliana,ILLUMINA,2018-12-11T00:00:00Z,2018-03-19T18:09:00Z,1,AthMu,SRP133100,leaf,TAIR10
SRR6862413,not applicable,WGS,298,2960960057,PRJNA434660,SAMN08567280,Plant,946813362,SOUTH DAKOTA STATE UNIVERSITY,public,"bam,run.zq,sra","gs,ncbi,s3","gs.us-east1,ncbi.public,s3.us-east-1",4-8 leaves seedings,Columbia,SRX3817402,USA,North America,USA:Maryland,Illumina HiSeq 4000,94,PAIRED,RANDOM,GENOMIC,Arabidopsis thaliana,ILLUMINA,2018-12-11T00:00:00Z,2018-03-19T18:05:00Z,1,AthMu,SRP133100,leaf,TAIR10
SRR6862414,not applicable,WGS,298,4207905071,PRJNA434660,SAMN08567280,Plant,1340390432,SOUTH DAKOTA STATE UNIVERSITY,public,"bam,run.zq,sra","gs,ncbi,s3","gs.us-east1,ncbi.public,s3.us-east-1",4-8 leaves seedings,Columbia,SRX3817401,USA,North America,USA:Maryland,Illumina HiSeq 4000,14,PAIRED,RANDOM,GENOMIC,Arabidopsis thaliana,ILLUMINA,2018-12-11T00:00:00Z,2018-03-19T18:06:00Z,1,AthMu,SRP133100,leaf,TAIR10
SRR6862415,not applicable,WGS,299,2702669423,PRJNA434660,SAMN08567280,Plant,837465132,SOUTH DAKOTA STATE UNIVERSITY,public,"bam,run.zq,sra","gs,ncbi,s3","gs.us-east1,ncbi.public,s3.us-east-1",4-8 leaves seedings,Columbia,SRX3817400,USA,North America,USA:Maryland,Illumina HiSeq 4000,13,PAIRED,RANDOM,GENOMIC,Arabidopsis thaliana,ILLUMINA,2018-12-11T00:00:00Z,2018-03-19T18:06:00Z,1,AthMu,SRP133100,leaf,TAIR10
SRR6862416,not applicable,WGS,298,1980821775,PRJNA434660,SAMN08567280,Plant,649999638,SOUTH DAKOTA STATE UNIVERSITY,public,"bam,run.zq,sra","gs,ncbi,s3","gs.us-east1,ncbi.public,s3.us-east-1",4-8 leaves seedings,Columbia,SRX3817399,USA,North America,USA:Maryland,Illumina HiSeq 4000,16,PAIRED,RANDOM,GENOMIC,Arabidopsis thaliana,ILLUMINA,2018-12-11T00:00:00Z,2018-03-19T18:04:00Z,1,AthMu,SRP133100,leaf,TAIR10
SRR6862417,not applicable,WGS,298,3926093469,PRJNA434660,SAMN08567280,Plant,1265376176,SOUTH DAKOTA STATE UNIVERSITY,public,"bam,run.zq,sra","gs,ncbi,s3","gs.us-east1,ncbi.public,s3.us-east-1",4-8 leaves seedings,Columbia,SRX3817398,USA,North America,USA:Maryland,Illumina HiSeq 4000,15,PAIRED,RANDOM,GENOMIC,Arabidopsis thaliana,ILLUMINA,2018-12-11T00:00:00Z,2018-03-19T18:06:00Z,1,AthMu,SRP133100,leaf,TAIR10
SRR6862418,not applicable,WGS,299,3052065454,PRJNA434660,SAMN08567280,Plant,917292722,SOUTH DAKOTA STATE UNIVERSITY,public,"bam,run.zq,sra","gs,ncbi,s3","gs.us-east1,ncbi.public,s3.us-east-1",4-8 leaves seedings,Columbia,SRX3817397,USA,North America,USA:Maryland,Illumina HiSeq 4000,18,PAIRED,RANDOM,GENOMIC,Arabidopsis thaliana,ILLUMINA,2018-12-11T00:00:00Z,2018-03-19T18:05:00Z,1,AthMu,SRP133100,leaf,TAIR10
SRR6862419,not applicable,WGS,298,3549595052,PRJNA434660,SAMN08567280,Plant,1153620108,SOUTH DAKOTA STATE UNIVERSITY,public,"bam,run.zq,sra","gs,ncbi,s3","gs.us-east1,ncbi.public,s3.us-east-1",4-8 leaves seedings,Columbia,SRX3817396,USA,North America,USA:Maryland,Illumina HiSeq 4000,17,PAIRED,RANDOM,GENOMIC,Arabidopsis thaliana,ILLUMINA,2018-12-11T00:00:00Z,2018-03-19T18:09:00Z,1,AthMu,SRP133100,leaf,TAIR10
SRR6862420,not applicable,WGS,298,4745781416,PRJNA434660,SAMN08567280,Plant,1510343738,SOUTH DAKOTA STATE UNIVERSITY,public,"bam,run.zq,sra","gs,ncbi,s3","gs.us-east1,ncbi.public,s3.us-east-1",4-8 leaves seedings,Columbia,SRX3817395,USA,North America,USA:Maryland,Illumina HiSeq 4000,20,PAIRED,RANDOM,GENOMIC,Arabidopsis thaliana,ILLUMINA,2018-12-11T00:00:00Z,2018-03-19T18:14:00Z,1,AthMu,SRP133100,leaf,TAIR10
SRR6862421,not applicable,WGS,299,3845338669,PRJNA434660,SAMN08567280,Plant,1247953020,SOUTH DAKOTA STATE UNIVERSITY,public,"bam,run.zq,sra","gs,ncbi,s3","gs.us-east1,ncbi.public,s3.us-east-1",4-8 leaves seedings,Columbia,SRX3817394,USA,North America,USA:Maryland,Illumina HiSeq 4000,19,PAIRED,RANDOM,GENOMIC,Arabidopsis thaliana,ILLUMINA,2018-12-11T00:00:00Z,2018-03-19T18:10:00Z,1,AthMu,SRP133100,leaf,TAIR10
SRR6862422,not applicable,WGS,298,3322200226,PRJNA434660,SAMN08567280,Plant,1077555386,SOUTH DAKOTA STATE UNIVERSITY,public,"bam,run.zq,sra","gs,ncbi,s3","gs.us-east1,ncbi.public,s3.us-east-1",4-8 leaves seedings,Columbia,SRX3817393,USA,North America,USA:Maryland,Illumina HiSeq 4000,23,PAIRED,RANDOM,GENOMIC,Arabidopsis thaliana,ILLUMINA,2018-12-11T00:00:00Z,2018-03-19T18:06:00Z,1,AthMu,SRP133100,leaf,TAIR10
SRR6862423,not applicable,WGS,298,3115571373,PRJNA434660,SAMN08567280,Plant,1043532996,SOUTH DAKOTA STATE UNIVERSITY,public,"bam,run.zq,sra","gs,ncbi,s3","gs.us-east1,ncbi.public,s3.us-east-1",4-8 leaves seedings,Columbia,SRX3817392,USA,North America,USA:Maryland,Illumina HiSeq 4000,22,PAIRED,RANDOM,GENOMIC,Arabidopsis thaliana,ILLUMINA,2018-12-11T00:00:00Z,2018-03-19T18:07:00Z,1,AthMu,SRP133100,leaf,TAIR10
SRR6862424,not applicable,WGS,300,8381060965,PRJNA434660,SAMN08567280,Plant,2556810044,SOUTH DAKOTA STATE UNIVERSITY,public,"bam,run.zq,sra","gs,ncbi,s3","gs.us-east1,ncbi.public,s3.us-east-1",4-8 leaves seedings,Columbia,SRX3817391,USA,North America,USA:Maryland,Illumina HiSeq 4000,83,PAIRED,RANDOM,GENOMIC,Arabidopsis thaliana,ILLUMINA,2018-12-11T00:00:00Z,2018-03-19T18:21:00Z,1,AthMu,SRP133100,leaf,TAIR10
SRR6862425,not applicable,WGS,300,6099873916,PRJNA434660,SAMN08567280,Plant,1921442516,SOUTH DAKOTA STATE UNIVERSITY,public,"bam,run.zq,sra","gs,ncbi,s3","gs.us-east1,ncbi.public,s3.us-east-1",4-8 leaves seedings,Columbia,SRX3817390,USA,North America,USA:Maryland,Illumina HiSeq 4000,82,PAIRED,RANDOM,GENOMIC,Arabidopsis thaliana,ILLUMINA,2018-12-11T00:00:00Z,2018-03-19T18:14:00Z,1,AthMu,SRP133100,leaf,TAIR10
SRR6862426,not applicable,WGS,299,7998086460,PRJNA434660,SAMN08567280,Plant,2395059299,SOUTH DAKOTA STATE UNIVERSITY,public,"bam,run.zq,sra","gs,ncbi,s3","gs.us-east1,ncbi.public,s3.us-east-1",4-8 leaves seedings,Columbia,SRX3817389,USA,North America,USA:Maryland,Illumina HiSeq 4000,81,PAIRED,RANDOM,GENOMIC,Arabidopsis thaliana,ILLUMINA,2018-12-11T00:00:00Z,2018-03-19T18:21:00Z,1,AthMu,SRP133100,leaf,TAIR10
SRR6862427,not applicable,WGS,300,6924834481,PRJNA434660,SAMN08567280,Plant,2060187915,SOUTH DAKOTA STATE UNIVERSITY,public,"bam,run.zq,sra","gs,ncbi,s3","gs.us-east1,ncbi.public,s3.us-east-1",4-8 leaves seedings,Columbia,SRX3817388,USA,North America,USA:Maryland,Illumina HiSeq 4000,80,PAIRED,RANDOM,GENOMIC,Arabidopsis thaliana,ILLUMINA,2018-12-11T00:00:00Z,2018-03-19T18:13:00Z,1,AthMu,SRP133100,leaf,TAIR10
SRR6862428,not applicable,WGS,299,5324622853,PRJNA434660,SAMN08567280,Plant,1655311925,SOUTH DAKOTA STATE UNIVERSITY,public,"bam,run.zq,sra","gs,ncbi,s3","gs.us-east1,ncbi.public,s3.us-east-1",4-8 leaves seedings,Columbia,SRX3817387,USA,North America,USA:Maryland,Illumina HiSeq 4000,79,PAIRED,RANDOM,GENOMIC,Arabidopsis thaliana,ILLUMINA,2018-12-11T00:00:00Z,2018-03-19T18:12:00Z,1,AthMu,SRP133100,leaf,TAIR10
SRR6862429,not applicable,WGS,299,5499504258,PRJNA434660,SAMN08567280,Plant,1696537358,SOUTH DAKOTA STATE UNIVERSITY,public,"bam,run.zq,sra","gs,ncbi,s3","gs.us-east1,ncbi.public,s3.us-east-1",4-8 leaves seedings,Columbia,SRX3817386,USA,North America,USA:Maryland,Illumina HiSeq 4000,78,PAIRED,RANDOM,GENOMIC,Arabidopsis thaliana,ILLUMINA,2018-12-11T00:00:00Z,2018-03-19T18:14:00Z,1,AthMu,SRP133100,leaf,TAIR10
SRR6862430,not applicable,WGS,300,5803424223,PRJNA434660,SAMN08567280,Plant,1749104605,SOUTH DAKOTA STATE UNIVERSITY,public,"bam,run.zq,sra","gs,ncbi,s3","gs.us-east1,ncbi.public,s3.us-east-1",4-8 leaves seedings,Columbia,SRX3817385,USA,North America,USA:Maryland,Illumina HiSeq 4000,77,PAIRED,RANDOM,GENOMIC,Arabidopsis thaliana,ILLUMINA,2018-12-11T00:00:00Z,2018-03-19T18:10:00Z,1,AthMu,SRP133100,leaf,TAIR10
SRR6862431,not applicable,WGS,299,8470761458,PRJNA434660,SAMN08567280,Plant,2625225331,SOUTH DAKOTA STATE UNIVERSITY,public,"bam,run.zq,sra","gs,ncbi,s3","gs.us-east1,ncbi.public,s3.us-east-1",4-8 leaves seedings,Columbia,SRX3817384,USA,North America,USA:Maryland,Illumina HiSeq 4000,76,PAIRED,RANDOM,GENOMIC,Arabidopsis thaliana,ILLUMINA,2018-12-11T00:00:00Z,2018-03-19T18:16:00Z,1,AthMu,SRP133100,leaf,TAIR10
SRR6862432,not applicable,WGS,299,4947105790,PRJNA434660,SAMN08567280,Plant,1590333552,SOUTH DAKOTA STATE UNIVERSITY,public,"bam,run.zq,sra","gs,ncbi,s3","gs.us-east1,ncbi.public,s3.us-east-1",4-8 leaves seedings,Columbia,SRX3817383,USA,North America,USA:Maryland,Illumina HiSeq 4000,85,PAIRED,RANDOM,GENOMIC,Arabidopsis thaliana,ILLUMINA,2018-12-11T00:00:00Z,2018-03-19T18:09:00Z,1,AthMu,SRP133100,leaf,TAIR10
SRR6862433,not applicable,WGS,300,6168349094,PRJNA434660,SAMN08567280,Plant,1944978086,SOUTH DAKOTA STATE UNIVERSITY,public,"bam,run.zq,sra","gs,ncbi,s3","gs.us-east1,ncbi.public,s3.us-east-1",4-8 leaves seedings,Columbia,SRX3817382,USA,North America,USA:Maryland,Illumina HiSeq 4000,84,PAIRED,RANDOM,GENOMIC,Arabidopsis thaliana,ILLUMINA,2018-12-11T00:00:00Z,2018-03-19T18:12:00Z,1,AthMu,SRP133100,leaf,TAIR10
SRR6862434,not applicable,WGS,299,3025417427,PRJNA434660,SAMN08567280,Plant,944368148,SOUTH DAKOTA STATE UNIVERSITY,public,"bam,run.zq,sra","gs,ncbi,s3","gs.us-east1,ncbi.public,s3.us-east-1",4-8 leaves seedings,Columbia,SRX3817381,USA,North America,USA:Maryland,Illumina HiSeq 4000,65,PAIRED,RANDOM,GENOMIC,Arabidopsis thaliana,ILLUMINA,2018-12-11T00:00:00Z,2018-03-19T18:09:00Z,1,AthMu,SRP133100,leaf,TAIR10
SRR6862435,not applicable,WGS,299,6248651196,PRJNA434660,SAMN08567280,Plant,1920469362,SOUTH DAKOTA STATE UNIVERSITY,public,"bam,run.zq,sra","gs,ncbi,s3","gs.us-east1,ncbi.public,s3.us-east-1",4-8 leaves seedings,Columbia,SRX3817380,USA,North America,USA:Maryland,Illumina HiSeq 4000,66,PAIRED,RANDOM,GENOMIC,Arabidopsis thaliana,ILLUMINA,2018-12-11T00:00:00Z,2018-03-19T18:16:00Z,1,AthMu,SRP133100,leaf,TAIR10
SRR6862436,not applicable,WGS,299,2422468387,PRJNA434660,SAMN08567280,Plant,751190966,SOUTH DAKOTA STATE UNIVERSITY,public,"bam,run.zq,sra","gs,ncbi,s3","gs.us-east1,ncbi.public,s3.us-east-1",4-8 leaves seedings,Columbia,SRX3817379,USA,North America,USA:Maryland,Illumina HiSeq 4000,67,PAIRED,RANDOM,GENOMIC,Arabidopsis thaliana,ILLUMINA,2018-12-11T00:00:00Z,2018-03-19T18:07:00Z,1,AthMu,SRP133100,leaf,TAIR10
SRR6862437,not applicable,WGS,300,6772422782,PRJNA434660,SAMN08567280,Plant,2064197175,SOUTH DAKOTA STATE UNIVERSITY,public,"bam,run.zq,sra","gs,ncbi,s3","gs.us-east1,ncbi.public,s3.us-east-1",4-8 leaves seedings,Columbia,SRX3817378,USA,North America,USA:Maryland,Illumina HiSeq 4000,68,PAIRED,RANDOM,GENOMIC,Arabidopsis thaliana,ILLUMINA,2018-12-11T00:00:00Z,2018-03-19T18:15:00Z,1,AthMu,SRP133100,leaf,TAIR10
SRR6862438,not applicable,WGS,299,6505506726,PRJNA434660,SAMN08567280,Plant,1969122081,SOUTH DAKOTA STATE UNIVERSITY,public,"bam,run.zq,sra","gs,ncbi,s3","gs.us-east1,ncbi.public,s3.us-east-1",4-8 leaves seedings,Columbia,SRX3817377,USA,North America,USA:Maryland,Illumina HiSeq 4000,69,PAIRED,RANDOM,GENOMIC,Arabidopsis thaliana,ILLUMINA,2018-12-11T00:00:00Z,2018-03-19T18:17:00Z,1,AthMu,SRP133100,leaf,TAIR10
SRR6862439,not applicable,WGS,300,3054707048,PRJNA434660,SAMN08567280,Plant,914010443,SOUTH DAKOTA STATE UNIVERSITY,public,"bam,run.zq,sra","gs,ncbi,s3","gs.us-east1,ncbi.public,s3.us-east-1",4-8 leaves seedings,Columbia,SRX3817376,USA,North America,USA:Maryland,Illumina HiSeq 4000,71,PAIRED,RANDOM,GENOMIC,Arabidopsis thaliana,ILLUMINA,2018-12-11T00:00:00Z,2018-03-19T18:07:00Z,1,AthMu,SRP133100,leaf,TAIR10
SRR6862440,not applicable,WGS,299,5078618183,PRJNA434660,SAMN08567280,Plant,1535897795,SOUTH DAKOTA STATE UNIVERSITY,public,"bam,run.zq,sra","gs,ncbi,s3","gs.us-east1,ncbi.public,s3.us-east-1",4-8 leaves seedings,Columbia,SRX3817375,USA,North America,USA:Maryland,Illumina HiSeq 4000,72,PAIRED,RANDOM,GENOMIC,Arabidopsis thaliana,ILLUMINA,2018-12-11T00:00:00Z,2018-03-19T18:10:00Z,1,AthMu,SRP133100,leaf,TAIR10
SRR6862441,not applicable,WGS,299,5651085004,PRJNA434660,SAMN08567280,Plant,1725997328,SOUTH DAKOTA STATE UNIVERSITY,public,"bam,run.zq,sra","gs,ncbi,s3","gs.us-east1,ncbi.public,s3.us-east-1",4-8 leaves seedings,Columbia,SRX3817374,USA,North America,USA:Maryland,Illumina HiSeq 4000,73,PAIRED,RANDOM,GENOMIC,Arabidopsis thaliana,ILLUMINA,2018-12-11T00:00:00Z,2018-03-19T18:12:00Z,1,AthMu,SRP133100,leaf,TAIR10
SRR6862442,not applicable,WGS,299,5550964303,PRJNA434660,SAMN08567280,Plant,1712670132,SOUTH DAKOTA STATE UNIVERSITY,public,"bam,run.zq,sra","gs,ncbi,s3","gs.us-east1,ncbi.public,s3.us-east-1",4-8 leaves seedings,Columbia,SRX3817373,USA,North America,USA:Maryland,Illumina HiSeq 4000,74,PAIRED,RANDOM,GENOMIC,Arabidopsis thaliana,ILLUMINA,2018-12-11T00:00:00Z,2018-03-19T18:11:00Z,1,AthMu,SRP133100,leaf,TAIR10
SRR6862443,not applicable,WGS,299,4679337339,PRJNA434660,SAMN08567280,Plant,1446232810,SOUTH DAKOTA STATE UNIVERSITY,public,"bam,run.zq,sra","gs,ncbi,s3","gs.us-east1,ncbi.public,s3.us-east-1",4-8 leaves seedings,Columbia,SRX3817372,USA,North America,USA:Maryland,Illumina HiSeq 4000,75,PAIRED,RANDOM,GENOMIC,Arabidopsis thaliana,ILLUMINA,2018-12-11T00:00:00Z,2018-03-19T18:12:00Z,1,AthMu,SRP133100,leaf,TAIR10
SRR6862444,not applicable,WGS,295,2047895144,PRJNA434660,SAMN08567280,Plant,812268513,SOUTH DAKOTA STATE UNIVERSITY,public,"bam,run.zq,sra","gs,ncbi,s3","gs.us-east1,ncbi.public,s3.us-east-1",4-8 leaves seedings,Columbia,SRX3817371,USA,North America,USA:Maryland,Illumina HiSeq 4000,102,PAIRED,RANDOM,GENOMIC,Arabidopsis thaliana,ILLUMINA,2018-12-11T00:00:00Z,2018-03-19T18:10:00Z,1,AthMu,SRP133100,leaf,TAIR10
SRR6862445,not applicable,WGS,295,1752785069,PRJNA434660,SAMN08567280,Plant,695682745,SOUTH DAKOTA STATE UNIVERSITY,public,"bam,run.zq,sra","gs,ncbi,s3","gs.us-east1,ncbi.public,s3.us-east-1",4-8 leaves seedings,Columbia,SRX3817370,USA,North America,USA:Maryland,Illumina HiSeq 4000,101,PAIRED,RANDOM,GENOMIC,Arabidopsis thaliana,ILLUMINA,2018-12-11T00:00:00Z,2018-03-19T18:06:00Z,1,AthMu,SRP133100,leaf,TAIR10
SRR6862446,not applicable,WGS,299,6616898015,PRJNA434660,SAMN08567280,Plant,1569871277,SOUTH DAKOTA STATE UNIVERSITY,public,"bam,run.zq,sra","gs,ncbi,s3","gs.us-east1,ncbi.public,s3.us-east-1",4-8 leaves seedings,Columbia,SRX3817369,USA,North America,USA:Maryland,Illumina HiSeq 4000,105,PAIRED,RANDOM,GENOMIC,Arabidopsis thaliana,ILLUMINA,2018-12-11T00:00:00Z,2018-03-19T18:14:00Z,1,AthMu,SRP133100,leaf,TAIR10
SRR6862447,not applicable,WGS,295,2149806866,PRJNA434660,SAMN08567280,Plant,849677026,SOUTH DAKOTA STATE UNIVERSITY,public,"bam,run.zq,sra","gs,ncbi,s3","gs.us-east1,ncbi.public,s3.us-east-1",4-8 leaves seedings,Columbia,SRX3817368,USA,North America,USA:Maryland,Illumina HiSeq 4000,103,PAIRED,RANDOM,GENOMIC,Arabidopsis thaliana,ILLUMINA,2018-12-11T00:00:00Z,2018-03-19T18:08:00Z,1,AthMu,SRP133100,leaf,TAIR10
SRR6862448,not applicable,WGS,299,6391810350,PRJNA434660,SAMN08567280,Plant,1517578697,SOUTH DAKOTA STATE UNIVERSITY,public,"bam,run.zq,sra","gs,ncbi,s3","gs.us-east1,ncbi.public,s3.us-east-1",4-8 leaves seedings,Columbia,SRX3817367,USA,North America,USA:Maryland,Illumina HiSeq 4000,108,PAIRED,RANDOM,GENOMIC,Arabidopsis thaliana,ILLUMINA,2018-12-11T00:00:00Z,2018-03-19T18:14:00Z,1,AthMu,SRP133100,leaf,TAIR10
SRR6862449,not applicable,WGS,299,4132359803,PRJNA434660,SAMN08567280,Plant,975341936,SOUTH DAKOTA STATE UNIVERSITY,public,"bam,run.zq,sra","gs,ncbi,s3","gs.us-east1,ncbi.public,s3.us-east-1",4-8 leaves seedings,Columbia,SRX3817366,USA,North America,USA:Maryland,Illumina HiSeq 4000,106,PAIRED,RANDOM,GENOMIC,Arabidopsis thaliana,ILLUMINA,2018-12-11T00:00:00Z,2018-03-19T18:12:00Z,1,AthMu,SRP133100,leaf,TAIR10
SRR6862450,not applicable,WGS,299,4865871193,PRJNA434660,SAMN08567280,Plant,1143456019,SOUTH DAKOTA STATE UNIVERSITY,public,"bam,run.zq,sra","gs,ncbi,s3","gs.us-east1,ncbi.public,s3.us-east-1",4-8 leaves seedings,Columbia,SRX3817365,USA,North America,USA:Maryland,Illumina HiSeq 4000,110,PAIRED,RANDOM,GENOMIC,Arabidopsis thaliana,ILLUMINA,2018-12-11T00:00:00Z,2018-03-19T18:17:00Z,1,AthMu,SRP133100,leaf,TAIR10
SRR6862451,not applicable,WGS,299,3601518516,PRJNA434660,SAMN08567280,Plant,1091989717,SOUTH DAKOTA STATE UNIVERSITY,public,"bam,run.zq,sra","gs,ncbi,s3","gs.us-east1,ncbi.public,s3.us-east-1",4-8 leaves seedings,Columbia,SRX3817364,USA,North America,USA:Maryland,Illumina HiSeq 4000,64,PAIRED,RANDOM,GENOMIC,Arabidopsis thaliana,ILLUMINA,2018-12-11T00:00:00Z,2018-03-19T18:08:00Z,1,AthMu,SRP133100,leaf,TAIR10
SRR6862452,not applicable,WGS,299,2110628019,PRJNA434660,SAMN08567280,Plant,647436227,SOUTH DAKOTA STATE UNIVERSITY,public,"bam,run.zq,sra","gs,ncbi,s3","gs.us-east1,ncbi.public,s3.us-east-1",4-8 leaves seedings,Columbia,SRX3817363,USA,North America,USA:Maryland,Illumina HiSeq 4000,63,PAIRED,RANDOM,GENOMIC,Arabidopsis thaliana,ILLUMINA,2018-12-11T00:00:00Z,2018-03-19T18:08:00Z,1,AthMu,SRP133100,leaf,TAIR10
SRR6862453,not applicable,WGS,299,4425787501,PRJNA434660,SAMN08567280,Plant,1470047989,SOUTH DAKOTA STATE UNIVERSITY,public,"bam,run.zq,sra","gs,ncbi,s3","gs.us-east1,ncbi.public,s3.us-east-1",4-8 leaves seedings,Columbia,SRX3817362,USA,North America,USA:Maryland,Illumina HiSeq 4000,60,PAIRED,RANDOM,GENOMIC,Arabidopsis thaliana,ILLUMINA,2018-12-11T00:00:00Z,2018-03-19T18:16:00Z,1,AthMu,SRP133100,leaf,TAIR10
SRR6862454,not applicable,WGS,299,4569234028,PRJNA434660,SAMN08567280,Plant,1506116739,SOUTH DAKOTA STATE UNIVERSITY,public,"bam,run.zq,sra","gs,ncbi,s3","gs.us-east1,ncbi.public,s3.us-east-1",4-8 leaves seedings,Columbia,SRX3817361,USA,North America,USA:Maryland,Illumina HiSeq 4000,59,PAIRED,RANDOM,GENOMIC,Arabidopsis thaliana,ILLUMINA,2018-12-11T00:00:00Z,2018-03-19T18:14:00Z,1,AthMu,SRP133100,leaf,TAIR10
SRR6862455,not applicable,WGS,299,2490925143,PRJNA434660,SAMN08567280,Plant,767131385,SOUTH DAKOTA STATE UNIVERSITY,public,"bam,run.zq,sra","gs,ncbi,s3","gs.us-east1,ncbi.public,s3.us-east-1",4-8 leaves seedings,Columbia,SRX3817360,USA,North America,USA:Maryland,Illumina HiSeq 4000,62,PAIRED,RANDOM,GENOMIC,Arabidopsis thaliana,ILLUMINA,2018-12-11T00:00:00Z,2018-03-19T18:08:00Z,1,AthMu,SRP133100,leaf,TAIR10
SRR6862456,not applicable,WGS,299,2035524998,PRJNA434660,SAMN08567280,Plant,642047306,SOUTH DAKOTA STATE UNIVERSITY,public,"bam,run.zq,sra","gs,ncbi,s3","gs.us-east1,ncbi.public,s3.us-east-1",4-8 leaves seedings,Columbia,SRX3817359,USA,North America,USA:Maryland,Illumina HiSeq 4000,61,PAIRED,RANDOM,GENOMIC,Arabidopsis thaliana,ILLUMINA,2018-12-11T00:00:00Z,2018-03-19T18:07:00Z,1,AthMu,SRP133100,leaf,TAIR10
SRR6862457,not applicable,WGS,299,3436275743,PRJNA434660,SAMN08567280,Plant,1063972702,SOUTH DAKOTA STATE UNIVERSITY,public,"bam,run.zq,sra","gs,ncbi,s3","gs.us-east1,ncbi.public,s3.us-east-1",4-8 leaves seedings,Columbia,SRX3817358,USA,North America,USA:Maryland,Illumina HiSeq 4000,56,PAIRED,RANDOM,GENOMIC,Arabidopsis thaliana,ILLUMINA,2018-12-11T00:00:00Z,2018-03-19T18:09:00Z,1,AthMu,SRP133100,leaf,TAIR10
SRR6862458,not applicable,WGS,299,4432541580,PRJNA434660,SAMN08567280,Plant,1382800982,SOUTH DAKOTA STATE UNIVERSITY,public,"bam,run.zq,sra","gs,ncbi,s3","gs.us-east1,ncbi.public,s3.us-east-1",4-8 leaves seedings,Columbia,SRX3817357,USA,North America,USA:Maryland,Illumina HiSeq 4000,55,PAIRED,RANDOM,GENOMIC,Arabidopsis thaliana,ILLUMINA,2018-12-11T00:00:00Z,2018-03-19T18:14:00Z,1,AthMu,SRP133100,leaf,TAIR10
SRR6862459,not applicable,WGS,299,4130974346,PRJNA434660,SAMN08567280,Plant,1305917912,SOUTH DAKOTA STATE UNIVERSITY,public,"bam,run.zq,sra","gs,ncbi,s3","gs.us-east1,ncbi.public,s3.us-east-1",4-8 leaves seedings,Columbia,SRX3817356,USA,North America,USA:Maryland,Illumina HiSeq 4000,58,PAIRED,RANDOM,GENOMIC,Arabidopsis thaliana,ILLUMINA,2018-12-11T00:00:00Z,2018-03-19T18:13:00Z,1,AthMu,SRP133100,leaf,TAIR10
SRR6862460,not applicable,WGS,299,3254247357,PRJNA434660,SAMN08567280,Plant,1078762760,SOUTH DAKOTA STATE UNIVERSITY,public,"bam,run.zq,sra","gs,ncbi,s3","gs.us-east1,ncbi.public,s3.us-east-1",4-8 leaves seedings,Columbia,SRX3817355,USA,North America,USA:Maryland,Illumina HiSeq 4000,57,PAIRED,RANDOM,GENOMIC,Arabidopsis thaliana,ILLUMINA,2018-12-11T00:00:00Z,2018-03-19T18:09:00Z,1,AthMu,SRP133100,leaf,TAIR10
SRR6862461,not applicable,WGS,298,5409662278,PRJNA434660,SAMN08567280,Plant,1685516181,SOUTH DAKOTA STATE UNIVERSITY,public,"bam,run.zq,sra","gs,ncbi,s3","gs.us-east1,ncbi.public,s3.us-east-1",4-8 leaves seedings,Columbia,SRX3817354,USA,North America,USA:Maryland,Illumina HiSeq 4000,4,PAIRED,RANDOM,GENOMIC,Arabidopsis thaliana,ILLUMINA,2018-12-11T00:00:00Z,2018-03-19T18:10:00Z,1,AthMu,SRP133100,leaf,TAIR10
SRR6862462,not applicable,WGS,299,5222399930,PRJNA434660,SAMN08567280,Plant,1604818314,SOUTH DAKOTA STATE UNIVERSITY,public,"bam,run.zq,sra","gs,ncbi,s3","gs.us-east1,ncbi.public,s3.us-east-1",4-8 leaves seedings,Columbia,SRX3817353,USA,North America,USA:Maryland,Illumina HiSeq 4000,3,PAIRED,RANDOM,GENOMIC,Arabidopsis thaliana,ILLUMINA,2018-12-11T00:00:00Z,2018-03-19T18:11:00Z,1,AthMu,SRP133100,leaf,TAIR10
SRR6862463,not applicable,WGS,299,6265269048,PRJNA434660,SAMN08567280,Plant,1926274737,SOUTH DAKOTA STATE UNIVERSITY,public,"bam,run.zq,sra","gs,ncbi,s3","gs.us-east1,ncbi.public,s3.us-east-1",4-8 leaves seedings,Columbia,SRX3817352,USA,North America,USA:Maryland,Illumina HiSeq 4000,2,PAIRED,RANDOM,GENOMIC,Arabidopsis thaliana,ILLUMINA,2018-12-11T00:00:00Z,2018-03-19T18:12:00Z,1,AthMu,SRP133100,leaf,TAIR10
SRR6862464,not applicable,WGS,300,5358527940,PRJNA434660,SAMN08567280,Plant,1695017755,SOUTH DAKOTA STATE UNIVERSITY,public,"bam,run.zq,sra","gs,ncbi,s3","gs.us-east1,ncbi.public,s3.us-east-1",4-8 leaves seedings,Columbia,SRX3817351,USA,North America,USA:Maryland,Illumina HiSeq 4000,1,PAIRED,RANDOM,GENOMIC,Arabidopsis thaliana,ILLUMINA,2018-12-11T00:00:00Z,2018-03-19T18:11:00Z,1,AthMu,SRP133100,leaf,TAIR10
SRR6862465,not applicable,WGS,300,5814014910,PRJNA434660,SAMN08567280,Plant,1756011922,SOUTH DAKOTA STATE UNIVERSITY,public,"bam,run.zq,sra","gs,ncbi,s3","gs.us-east1,ncbi.public,s3.us-east-1",4-8 leaves seedings,Columbia,SRX3817350,USA,North America,USA:Maryland,Illumina HiSeq 4000,8,PAIRED,RANDOM,GENOMIC,Arabidopsis thaliana,ILLUMINA,2018-12-11T00:00:00Z,2018-03-19T18:13:00Z,1,AthMu,SRP133100,leaf,TAIR10
SRR6862466,not applicable,WGS,299,6131262588,PRJNA434660,SAMN08567280,Plant,1849395918,SOUTH DAKOTA STATE UNIVERSITY,public,"bam,run.zq,sra","gs,ncbi,s3","gs.us-east1,ncbi.public,s3.us-east-1",4-8 leaves seedings,Columbia,SRX3817349,USA,North America,USA:Maryland,Illumina HiSeq 4000,7,PAIRED,RANDOM,GENOMIC,Arabidopsis thaliana,ILLUMINA,2018-12-11T00:00:00Z,2018-03-19T18:13:00Z,1,AthMu,SRP133100,leaf,TAIR10
SRR6862467,not applicable,WGS,299,4885009909,PRJNA434660,SAMN08567280,Plant,1506128776,SOUTH DAKOTA STATE UNIVERSITY,public,"bam,run.zq,sra","gs,ncbi,s3","gs.us-east1,ncbi.public,s3.us-east-1",4-8 leaves seedings,Columbia,SRX3817348,USA,North America,USA:Maryland,Illumina HiSeq 4000,6,PAIRED,RANDOM,GENOMIC,Arabidopsis thaliana,ILLUMINA,2018-12-11T00:00:00Z,2018-03-19T18:11:00Z,1,AthMu,SRP133100,leaf,TAIR10
SRR6862468,not applicable,WGS,298,6559405421,PRJNA434660,SAMN08567280,Plant,2008347109,SOUTH DAKOTA STATE UNIVERSITY,public,"bam,run.zq,sra","gs,ncbi,s3","gs.us-east1,ncbi.public,s3.us-east-1",4-8 leaves seedings,Columbia,SRX3817347,USA,North America,USA:Maryland,Illumina HiSeq 4000,5,PAIRED,RANDOM,GENOMIC,Arabidopsis thaliana,ILLUMINA,2018-12-11T00:00:00Z,2018-03-19T18:12:00Z,1,AthMu,SRP133100,leaf,TAIR10
SRR6862469,not applicable,WGS,299,2710548301,PRJNA434660,SAMN08567280,Plant,846499859,SOUTH DAKOTA STATE UNIVERSITY,public,"bam,run.zq,sra","gs,ncbi,s3","gs.us-east1,ncbi.public,s3.us-east-1",4-8 leaves seedings,Columbia,SRX3817346,USA,North America,USA:Maryland,Illumina HiSeq 4000,11,PAIRED,RANDOM,GENOMIC,Arabidopsis thaliana,ILLUMINA,2018-12-11T00:00:00Z,2018-03-19T18:10:00Z,1,AthMu,SRP133100,leaf,TAIR10
SRR6862470,not applicable,WGS,299,6807790455,PRJNA434660,SAMN08567280,Plant,2083547059,SOUTH DAKOTA STATE UNIVERSITY,public,"bam,run.zq,sra","gs,ncbi,s3","gs.us-east1,ncbi.public,s3.us-east-1",4-8 leaves seedings,Columbia,SRX3817345,USA,North America,USA:Maryland,Illumina HiSeq 4000,9,PAIRED,RANDOM,GENOMIC,Arabidopsis thaliana,ILLUMINA,2018-12-11T00:00:00Z,2018-03-19T18:15:00Z,1,AthMu,SRP133100,leaf,TAIR10
SRR6862471,not applicable,WGS,299,4857442443,PRJNA434660,SAMN08567280,Plant,1490453376,SOUTH DAKOTA STATE UNIVERSITY,public,"bam,run.zq,sra","gs,ncbi,s3","gs.us-east1,ncbi.public,s3.us-east-1",4-8 leaves seedings,Columbia,SRX3817344,USA,North America,USA:Maryland,Illumina HiSeq 4000,53,PAIRED,RANDOM,GENOMIC,Arabidopsis thaliana,ILLUMINA,2018-12-11T00:00:00Z,2018-03-19T18:11:00Z,1,AthMu,SRP133100,leaf,TAIR10
SRR6862472,not applicable,WGS,299,4076556815,PRJNA434660,SAMN08567280,Plant,1286543896,SOUTH DAKOTA STATE UNIVERSITY,public,"bam,run.zq,sra","gs,ncbi,s3","gs.us-east1,ncbi.public,s3.us-east-1",4-8 leaves seedings,Columbia,SRX3817343,USA,North America,USA:Maryland,Illumina HiSeq 4000,54,PAIRED,RANDOM,GENOMIC,Arabidopsis thaliana,ILLUMINA,2018-12-11T00:00:00Z,2018-03-19T18:11:00Z,1,AthMu,SRP133100,leaf,TAIR10
SRR6862473,not applicable,WGS,298,4391747269,PRJNA434660,SAMN08567280,Plant,1372939885,SOUTH DAKOTA STATE UNIVERSITY,public,"bam,run.zq,sra","gs,ncbi,s3","gs.us-east1,ncbi.public,s3.us-east-1",4-8 leaves seedings,Columbia,SRX3817342,USA,North America,USA:Maryland,Illumina HiSeq 4000,51,PAIRED,RANDOM,GENOMIC,Arabidopsis thaliana,ILLUMINA,2018-12-11T00:00:00Z,2018-03-19T18:13:00Z,1,AthMu,SRP133100,leaf,TAIR10
SRR6862474,not applicable,WGS,299,2823887693,PRJNA434660,SAMN08567280,Plant,888216645,SOUTH DAKOTA STATE UNIVERSITY,public,"bam,run.zq,sra","gs,ncbi,s3","gs.us-east1,ncbi.public,s3.us-east-1",4-8 leaves seedings,Columbia,SRX3817341,USA,North America,USA:Maryland,Illumina HiSeq 4000,52,PAIRED,RANDOM,GENOMIC,Arabidopsis thaliana,ILLUMINA,2018-12-11T00:00:00Z,2018-03-19T18:12:00Z,1,AthMu,SRP133100,leaf,TAIR10
SRR6862475,not applicable,WGS,298,7456605292,PRJNA434660,SAMN08567280,Plant,2362405876,SOUTH DAKOTA STATE UNIVERSITY,public,"bam,run.zq,sra","gs,ncbi,s3","gs.us-east1,ncbi.public,s3.us-east-1",4-8 leaves seedings,Columbia,SRX3817340,USA,North America,USA:Maryland,Illumina HiSeq 4000,49,PAIRED,RANDOM,GENOMIC,Arabidopsis thaliana,ILLUMINA,2018-12-11T00:00:00Z,2018-03-19T18:15:00Z,1,AthMu,SRP133100,leaf,TAIR10
SRR6862476,not applicable,WGS,297,8688829014,PRJNA434660,SAMN08567280,Plant,2766349812,SOUTH DAKOTA STATE UNIVERSITY,public,"bam,run.zq,sra","gs,ncbi,s3","gs.us-east1,ncbi.public,s3.us-east-1",4-8 leaves seedings,Columbia,SRX3817339,USA,North America,USA:Maryland,Illumina HiSeq 4000,50,PAIRED,RANDOM,GENOMIC,Arabidopsis thaliana,ILLUMINA,2018-12-11T00:00:00Z,2018-03-19T18:18:00Z,1,AthMu,SRP133100,leaf,TAIR10
SRR6862477,not applicable,WGS,299,4668877720,PRJNA434660,SAMN08567280,Plant,1434127821,SOUTH DAKOTA STATE UNIVERSITY,public,"bam,run.zq,sra","gs,ncbi,s3","gs.us-east1,ncbi.public,s3.us-east-1",4-8 leaves seedings,Columbia,SRX3817338,USA,North America,USA:Maryland,Illumina HiSeq 4000,47,PAIRED,RANDOM,GENOMIC,Arabidopsis thaliana,ILLUMINA,2018-12-11T00:00:00Z,2018-03-19T18:15:00Z,1,AthMu,SRP133100,leaf,TAIR10
SRR6862478,not applicable,WGS,297,8262431137,PRJNA434660,SAMN08567280,Plant,2645011535,SOUTH DAKOTA STATE UNIVERSITY,public,"bam,run.zq,sra","gs,ncbi,s3","gs.us-east1,ncbi.public,s3.us-east-1",4-8 leaves seedings,Columbia,SRX3817337,USA,North America,USA:Maryland,Illumina HiSeq 4000,48,PAIRED,RANDOM,GENOMIC,Arabidopsis thaliana,ILLUMINA,2018-12-11T00:00:00Z,2018-03-19T18:23:00Z,1,AthMu,SRP133100,leaf,TAIR10
SRR6862479,not applicable,WGS,296,5331347336,PRJNA434660,SAMN08567280,Plant,1747858107,SOUTH DAKOTA STATE UNIVERSITY,public,"bam,run.zq,sra","gs,ncbi,s3","gs.us-east1,ncbi.public,s3.us-east-1",4-8 leaves seedings,Columbia,SRX3817336,USA,North America,USA:Maryland,Illumina HiSeq 4000,45,PAIRED,RANDOM,GENOMIC,Arabidopsis thaliana,ILLUMINA,2018-12-11T00:00:00Z,2018-03-19T18:15:00Z,1,AthMu,SRP133100,leaf,TAIR10
SRR6862480,not applicable,WGS,299,4798089326,PRJNA434660,SAMN08567280,Plant,1457104350,SOUTH DAKOTA STATE UNIVERSITY,public,"bam,run.zq,sra","gs,ncbi,s3","gs.us-east1,ncbi.public,s3.us-east-1",4-8 leaves seedings,Columbia,SRX3817335,USA,North America,USA:Maryland,Illumina HiSeq 4000,46,PAIRED,RANDOM,GENOMIC,Arabidopsis thaliana,ILLUMINA,2018-12-11T00:00:00Z,2018-03-19T18:15:00Z,1,AthMu,SRP133100,leaf,TAIR10
SRR6862481,not applicable,WGS,297,5430897559,PRJNA434660,SAMN08567280,Plant,1727088013,SOUTH DAKOTA STATE UNIVERSITY,public,"bam,run.zq,sra","gs,ncbi,s3","gs.us-east1,ncbi.public,s3.us-east-1",4-8 leaves seedings,Columbia,SRX3817334,USA,North America,USA:Maryland,Illumina HiSeq 4000,44,PAIRED,RANDOM,GENOMIC,Arabidopsis thaliana,ILLUMINA,2018-12-11T00:00:00Z,2018-03-19T18:18:00Z,1,AthMu,SRP133100,leaf,TAIR10
SRR6862482,not applicable,WGS,297,5740543595,PRJNA434660,SAMN08567280,Plant,1819182236,SOUTH DAKOTA STATE UNIVERSITY,public,"bam,run.zq,sra","gs,ncbi,s3","gs.us-east1,ncbi.public,s3.us-east-1",4-8 leaves seedings,Columbia,SRX3817333,USA,North America,USA:Maryland,Illumina HiSeq 4000,43,PAIRED,RANDOM,GENOMIC,Arabidopsis thaliana,ILLUMINA,2018-12-11T00:00:00Z,2018-03-19T18:15:00Z,1,AthMu,SRP133100,leaf,TAIR10
SRR6862483,not applicable,WGS,298,1919610754,PRJNA434660,SAMN08567280,Plant,623021666,SOUTH DAKOTA STATE UNIVERSITY,public,"bam,run.zq,sra","gs,ncbi,s3","gs.us-east1,ncbi.public,s3.us-east-1",4-8 leaves seedings,Columbia,SRX3817332,USA,North America,USA:Maryland,Illumina HiSeq 4000,38,PAIRED,RANDOM,GENOMIC,Arabidopsis thaliana,ILLUMINA,2018-12-11T00:00:00Z,2018-03-19T18:10:00Z,1,AthMu,SRP133100,leaf,TAIR10
SRR6862484,not applicable,WGS,298,1871664932,PRJNA434660,SAMN08567280,Plant,605510619,SOUTH DAKOTA STATE UNIVERSITY,public,"bam,run.zq,sra","gs,ncbi,s3","gs.us-east1,ncbi.public,s3.us-east-1",4-8 leaves seedings,Columbia,SRX3817331,USA,North America,USA:Maryland,Illumina HiSeq 4000,37,PAIRED,RANDOM,GENOMIC,Arabidopsis thaliana,ILLUMINA,2018-12-11T00:00:00Z,2018-03-19T18:10:00Z,1,AthMu,SRP133100,leaf,TAIR10
SRR6862485,not applicable,WGS,297,1329560436,PRJNA434660,SAMN08567280,Plant,467775211,SOUTH DAKOTA STATE UNIVERSITY,public,"bam,run.zq,sra","gs,ncbi,s3","gs.us-east1,ncbi.public,s3.us-east-1",4-8 leaves seedings,Columbia,SRX3817330,USA,North America,USA:Maryland,Illumina HiSeq 4000,36,PAIRED,RANDOM,GENOMIC,Arabidopsis thaliana,ILLUMINA,2018-12-11T00:00:00Z,2018-03-19T18:09:00Z,1,AthMu,SRP133100,leaf,TAIR10
SRR6862486,not applicable,WGS,297,4613809077,PRJNA434660,SAMN08567280,Plant,1652537507,SOUTH DAKOTA STATE UNIVERSITY,public,"bam,run.zq,sra","gs,ncbi,s3","gs.us-east1,ncbi.public,s3.us-east-1",4-8 leaves seedings,Columbia,SRX3817329,USA,North America,USA:Maryland,Illumina HiSeq 4000,35,PAIRED,RANDOM,GENOMIC,Arabidopsis thaliana,ILLUMINA,2018-12-11T00:00:00Z,2018-03-19T18:17:00Z,1,AthMu,SRP133100,leaf,TAIR10
SRR6862487,not applicable,WGS,296,8631570116,PRJNA434660,SAMN08567280,Plant,2742183921,SOUTH DAKOTA STATE UNIVERSITY,public,"bam,run.zq,sra","gs,ncbi,s3","gs.us-east1,ncbi.public,s3.us-east-1",4-8 leaves seedings,Columbia,SRX3817328,USA,North America,USA:Maryland,Illumina HiSeq 4000,42,PAIRED,RANDOM,GENOMIC,Arabidopsis thaliana,ILLUMINA,2018-12-11T00:00:00Z,2018-03-19T18:18:00Z,1,AthMu,SRP133100,leaf,TAIR10
SRR6862488,not applicable,WGS,297,9257199809,PRJNA434660,SAMN08567280,Plant,2983152989,SOUTH DAKOTA STATE UNIVERSITY,public,"bam,run.zq,sra","gs,ncbi,s3","gs.us-east1,ncbi.public,s3.us-east-1",4-8 leaves seedings,Columbia,SRX3817327,USA,North America,USA:Maryland,Illumina HiSeq 4000,41,PAIRED,RANDOM,GENOMIC,Arabidopsis thaliana,ILLUMINA,2018-12-11T00:00:00Z,2018-03-19T18:26:00Z,1,AthMu,SRP133100,leaf,TAIR10
SRR6862489,not applicable,WGS,292,8100049953,PRJNA434660,SAMN08567280,Plant,3258330126,SOUTH DAKOTA STATE UNIVERSITY,public,"bam,run.zq,sra","gs,ncbi,s3","gs.us-east1,ncbi.public,s3.us-east-1",4-8 leaves seedings,Columbia,SRX3817326,USA,North America,USA:Maryland,Illumina HiSeq 4000,40,PAIRED,RANDOM,GENOMIC,Arabidopsis thaliana,ILLUMINA,2018-12-11T00:00:00Z,2018-03-19T18:23:00Z,1,AthMu,SRP133100,leaf,TAIR10
SRR6862490,not applicable,WGS,292,1730131608,PRJNA434660,SAMN08567280,Plant,706851738,SOUTH DAKOTA STATE UNIVERSITY,public,"bam,run.zq,sra","gs,ncbi,s3","gs.us-east1,ncbi.public,s3.us-east-1",4-8 leaves seedings,Columbia,SRX3817325,USA,North America,USA:Maryland,Illumina HiSeq 4000,39,PAIRED,RANDOM,GENOMIC,Arabidopsis thaliana,ILLUMINA,2018-12-11T00:00:00Z,2018-03-19T18:13:00Z,1,AthMu,SRP133100,leaf,TAIR10
SRR6862491,not applicable,WGS,299,5858194951,PRJNA434660,SAMN08567280,Plant,1404163124,SOUTH DAKOTA STATE UNIVERSITY,public,"bam,run.zq,sra","gs,ncbi,s3","gs.us-east1,ncbi.public,s3.us-east-1",4-8 leaves seedings,Columbia,SRX3817324,USA,North America,USA:Maryland,Illumina HiSeq 4000,112,PAIRED,RANDOM,GENOMIC,Arabidopsis thaliana,ILLUMINA,2018-12-11T00:00:00Z,2018-03-19T18:20:00Z,1,AthMu,SRP133100,leaf,TAIR10
SRR6862492,not applicable,WGS,299,5598255149,PRJNA434660,SAMN08567280,Plant,1414688186,SOUTH DAKOTA STATE UNIVERSITY,public,"bam,run.zq,sra","gs,ncbi,s3","gs.us-east1,ncbi.public,s3.us-east-1",4-8 leaves seedings,Columbia,SRX3817323,USA,North America,USA:Maryland,Illumina HiSeq 4000,111,PAIRED,RANDOM,GENOMIC,Arabidopsis thaliana,ILLUMINA,2018-12-11T00:00:00Z,2018-03-19T18:17:00Z,1,AthMu,SRP133100,leaf,TAIR10
SRR6862493,not applicable,WGS,299,4499756320,PRJNA434660,SAMN08567280,Plant,1126748919,SOUTH DAKOTA STATE UNIVERSITY,public,"bam,run.zq,sra","gs,ncbi,s3","gs.us-east1,ncbi.public,s3.us-east-1",4-8 leaves seedings,Columbia,SRX3817322,USA,North America,USA:Maryland,Illumina HiSeq 4000,113,PAIRED,RANDOM,GENOMIC,Arabidopsis thaliana,ILLUMINA,2018-12-11T00:00:00Z,2018-03-19T18:18:00Z,1,AthMu,SRP133100,leaf,TAIR10
SRR6862494,not applicable,WGS,299,3858939052,PRJNA434660,SAMN08567280,Plant,974324788,SOUTH DAKOTA STATE UNIVERSITY,public,"bam,run.zq,sra","gs,ncbi,s3","gs.us-east1,ncbi.public,s3.us-east-1",4-8 leaves seedings,Columbia,SRX3817321,USA,North America,USA:Maryland,Illumina HiSeq 4000,114,PAIRED,RANDOM,GENOMIC,Arabidopsis thaliana,ILLUMINA,2018-12-11T00:00:00Z,2018-03-19T18:13:00Z,1,AthMu,SRP133100,leaf,TAIR10
SRR6862495,not applicable,WGS,299,3849624353,PRJNA434660,SAMN08567280,Plant,923816097,SOUTH DAKOTA STATE UNIVERSITY,public,"bam,run.zq,sra","gs,ncbi,s3","gs.us-east1,ncbi.public,s3.us-east-1",4-8 leaves seedings,Columbia,SRX3817320,USA,North America,USA:Maryland,Illumina HiSeq 4000,115,PAIRED,RANDOM,GENOMIC,Arabidopsis thaliana,ILLUMINA,2018-12-11T00:00:00Z,2018-03-19T18:23:00Z,1,AthMu,SRP133100,leaf,TAIR10
SRR6862496,not applicable,WGS,299,3696640734,PRJNA434660,SAMN08567280,Plant,881008211,SOUTH DAKOTA STATE UNIVERSITY,public,"bam,run.zq,sra","gs,ncbi,s3","gs.us-east1,ncbi.public,s3.us-east-1",4-8 leaves seedings,Columbia,SRX3817319,USA,North America,USA:Maryland,Illumina HiSeq 4000,116,PAIRED,RANDOM,GENOMIC,Arabidopsis thaliana,ILLUMINA,2018-12-11T00:00:00Z,2018-03-19T18:14:00Z,1,AthMu,SRP133100,leaf,TAIR10
SRR6862497,not applicable,WGS,299,4184990555,PRJNA434660,SAMN08567280,Plant,1012082362,SOUTH DAKOTA STATE UNIVERSITY,public,"bam,run.zq,sra","gs,ncbi,s3","gs.us-east1,ncbi.public,s3.us-east-1",4-8 leaves seedings,Columbia,SRX3817318,USA,North America,USA:Maryland,Illumina HiSeq 4000,117,PAIRED,RANDOM,GENOMIC,Arabidopsis thaliana,ILLUMINA,2018-12-11T00:00:00Z,2018-03-19T18:14:00Z,1,AthMu,SRP133100,leaf,TAIR10
SRR6862498,not applicable,WGS,299,2789701083,PRJNA434660,SAMN08567280,Plant,662163418,SOUTH DAKOTA STATE UNIVERSITY,public,"bam,run.zq,sra","gs,ncbi,s3","gs.us-east1,ncbi.public,s3.us-east-1",4-8 leaves seedings,Columbia,SRX3817317,USA,North America,USA:Maryland,Illumina HiSeq 4000,118,PAIRED,RANDOM,GENOMIC,Arabidopsis thaliana,ILLUMINA,2018-12-11T00:00:00Z,2018-03-19T18:12:00Z,1,AthMu,SRP133100,leaf,TAIR10
SRR6862499,not applicable,WGS,299,3314548991,PRJNA434660,SAMN08567280,Plant,815937866,SOUTH DAKOTA STATE UNIVERSITY,public,"bam,run.zq,sra","gs,ncbi,s3","gs.us-east1,ncbi.public,s3.us-east-1",4-8 leaves seedings,Columbia,SRX3817316,USA,North America,USA:Maryland,Illumina HiSeq 4000,119,PAIRED,RANDOM,GENOMIC,Arabidopsis thaliana,ILLUMINA,2018-12-11T00:00:00Z,2018-03-19T18:13:00Z,1,AthMu,SRP133100,leaf,TAIR10
SRR6862500,not applicable,WGS,299,7567992908,PRJNA434660,SAMN08567280,Plant,1807397674,SOUTH DAKOTA STATE UNIVERSITY,public,"bam,run.zq,sra","gs,ncbi,s3","gs.us-east1,ncbi.public,s3.us-east-1",4-8 leaves seedings,Columbia,SRX3817315,USA,North America,USA:Maryland,Illumina HiSeq 4000,109,PAIRED,RANDOM,GENOMIC,Arabidopsis thaliana,ILLUMINA,2018-12-11T00:00:00Z,2018-03-19T18:17:00Z,1,AthMu,SRP133100,leaf,TAIR10
SRR6862501,not applicable,WGS,298,2008134655,PRJNA434660,SAMN08567280,Plant,648676188,SOUTH DAKOTA STATE UNIVERSITY,public,"bam,run.zq,sra","gs,ncbi,s3","gs.us-east1,ncbi.public,s3.us-east-1",4-8 leaves seedings,Columbia,SRX3817314,USA,North America,USA:Maryland,Illumina HiSeq 4000,28,PAIRED,RANDOM,GENOMIC,Arabidopsis thaliana,ILLUMINA,2018-12-11T00:00:00Z,2018-03-19T18:11:00Z,1,AthMu,SRP133100,leaf,TAIR10
SRR6862502,not applicable,WGS,298,2097910799,PRJNA434660,SAMN08567280,Plant,700389625,SOUTH DAKOTA STATE UNIVERSITY,public,"bam,run.zq,sra","gs,ncbi,s3","gs.us-east1,ncbi.public,s3.us-east-1",4-8 leaves seedings,Columbia,SRX3817313,USA,North America,USA:Maryland,Illumina HiSeq 4000,29,PAIRED,RANDOM,GENOMIC,Arabidopsis thaliana,ILLUMINA,2018-12-11T00:00:00Z,2018-03-19T18:11:00Z,1,AthMu,SRP133100,leaf,TAIR10
SRR6862503,not applicable,WGS,298,1736424953,PRJNA434660,SAMN08567280,Plant,576623420,SOUTH DAKOTA STATE UNIVERSITY,public,"bam,run.zq,sra","gs,ncbi,s3","gs.us-east1,ncbi.public,s3.us-east-1",4-8 leaves seedings,Columbia,SRX3817312,USA,North America,USA:Maryland,Illumina HiSeq 4000,31,PAIRED,RANDOM,GENOMIC,Arabidopsis thaliana,ILLUMINA,2018-12-11T00:00:00Z,2018-03-19T18:11:00Z,1,AthMu,SRP133100,leaf,TAIR10
SRR6862504,not applicable,WGS,297,2415679880,PRJNA434660,SAMN08567280,Plant,809419175,SOUTH DAKOTA STATE UNIVERSITY,public,"bam,run.zq,sra","gs,ncbi,s3","gs.us-east1,ncbi.public,s3.us-east-1",4-8 leaves seedings,Columbia,SRX3817311,USA,North America,USA:Maryland,Illumina HiSeq 4000,32,PAIRED,RANDOM,GENOMIC,Arabidopsis thaliana,ILLUMINA,2018-12-11T00:00:00Z,2018-03-19T18:12:00Z,1,AthMu,SRP133100,leaf,TAIR10
SRR6862505,not applicable,WGS,298,3632023687,PRJNA434660,SAMN08567280,Plant,1186336253,SOUTH DAKOTA STATE UNIVERSITY,public,"bam,run.zq,sra","gs,ncbi,s3","gs.us-east1,ncbi.public,s3.us-east-1",4-8 leaves seedings,Columbia,SRX3817310,USA,North America,USA:Maryland,Illumina HiSeq 4000,24,PAIRED,RANDOM,GENOMIC,Arabidopsis thaliana,ILLUMINA,2018-12-11T00:00:00Z,2018-03-19T18:14:00Z,1,AthMu,SRP133100,leaf,TAIR10
SRR6862506,not applicable,WGS,299,4617307294,PRJNA434660,SAMN08567280,Plant,1435448946,SOUTH DAKOTA STATE UNIVERSITY,public,"bam,run.zq,sra","gs,ncbi,s3","gs.us-east1,ncbi.public,s3.us-east-1",4-8 leaves seedings,Columbia,SRX3817309,USA,North America,USA:Maryland,Illumina HiSeq 4000,25,PAIRED,RANDOM,GENOMIC,Arabidopsis thaliana,ILLUMINA,2018-12-11T00:00:00Z,2018-03-19T18:16:00Z,1,AthMu,SRP133100,leaf,TAIR10
SRR6862507,not applicable,WGS,298,3389248756,PRJNA434660,SAMN08567280,Plant,1127860850,SOUTH DAKOTA STATE UNIVERSITY,public,"bam,run.zq,sra","gs,ncbi,s3","gs.us-east1,ncbi.public,s3.us-east-1",4-8 leaves seedings,Columbia,SRX3817308,USA,North America,USA:Maryland,Illumina HiSeq 4000,26,PAIRED,RANDOM,GENOMIC,Arabidopsis thaliana,ILLUMINA,2018-12-11T00:00:00Z,2018-03-19T18:14:00Z,1,AthMu,SRP133100,leaf,TAIR10
SRR6862508,not applicable,WGS,299,3300616890,PRJNA434660,SAMN08567280,Plant,1034750715,SOUTH DAKOTA STATE UNIVERSITY,public,"bam,run.zq,sra","gs,ncbi,s3","gs.us-east1,ncbi.public,s3.us-east-1",4-8 leaves seedings,Columbia,SRX3817307,USA,North America,USA:Maryland,Illumina HiSeq 4000,27,PAIRED,RANDOM,GENOMIC,Arabidopsis thaliana,ILLUMINA,2018-12-11T00:00:00Z,2018-03-19T18:14:00Z,1,AthMu,SRP133100,leaf,TAIR10
SRR6862509,not applicable,WGS,298,2364529536,PRJNA434660,SAMN08567280,Plant,810784153,SOUTH DAKOTA STATE UNIVERSITY,public,"bam,run.zq,sra","gs,ncbi,s3","gs.us-east1,ncbi.public,s3.us-east-1",4-8 leaves seedings,Columbia,SRX3817306,USA,North America,USA:Maryland,Illumina HiSeq 4000,33,PAIRED,RANDOM,GENOMIC,Arabidopsis thaliana,ILLUMINA,2018-12-11T00:00:00Z,2018-03-19T18:13:00Z,1,AthMu,SRP133100,leaf,TAIR10
SRR6862510,not applicable,WGS,298,4402119157,PRJNA434660,SAMN08567280,Plant,1466297716,SOUTH DAKOTA STATE UNIVERSITY,public,"bam,run.zq,sra","gs,ncbi,s3","gs.us-east1,ncbi.public,s3.us-east-1",4-8 leaves seedings,Columbia,SRX3817305,USA,North America,USA:Maryland,Illumina HiSeq 4000,34,PAIRED,RANDOM,GENOMIC,Arabidopsis thaliana,ILLUMINA,2018-12-11T00:00:00Z,2018-03-19T18:15:00Z,1,AthMu,SRP133100,leaf,TAIR10
SRR6750103,not applicable,WGS,300,9080044678,PRJNA434660,SAMN08567280,Plant,5013558892,SOUTH DAKOTA STATE UNIVERSITY,public,"fastq,run.zq,sra","gs,ncbi,s3","gs.us-east1,ncbi.public,s3.us-east-1",4-8 leaves seedings,Columbia,SRX3722842,USA,North America,USA:Maryland,Illumina HiSeq 4000,40,PAIRED,RANDOM,GENOMIC,Arabidopsis thaliana,ILLUMINA,2018-12-11T00:00:00Z,2018-02-20T10:43:00Z,1,AthMu,SRP133100,leaf,
SRR6750104,not applicable,WGS,302,2015267442,PRJNA434660,SAMN08567280,Plant,1008164756,SOUTH DAKOTA STATE UNIVERSITY,public,"fastq,run.zq,sra","gs,ncbi,s3","gs.us-east1,ncbi.public,s3.us-east-1",4-8 leaves seedings,Columbia,SRX3722841,USA,North America,USA:Maryland,Illumina HiSeq 4000,37,PAIRED,RANDOM,GENOMIC,Arabidopsis thaliana,ILLUMINA,2018-12-11T00:00:00Z,2018-02-20T10:26:00Z,1,AthMu,SRP133100,leaf,
SRR6750105,not applicable,WGS,302,2076074236,PRJNA434660,SAMN08567280,Plant,1037761488,SOUTH DAKOTA STATE UNIVERSITY,public,"fastq,run.zq,sra","gs,ncbi,s3","gs.us-east1,ncbi.public,s3.us-east-1",4-8 leaves seedings,Columbia,SRX3722840,USA,North America,USA:Maryland,Illumina HiSeq 4000,38,PAIRED,RANDOM,GENOMIC,Arabidopsis thaliana,ILLUMINA,2018-12-11T00:00:00Z,2018-02-20T10:26:00Z,1,AthMu,SRP133100,leaf,
SRR6750112,not applicable,WGS,302,5311407182,PRJNA434660,SAMN08567280,Plant,2613758038,SOUTH DAKOTA STATE UNIVERSITY,public,"fastq,run.zq,sra","gs,ncbi,s3","gs.us-east1,ncbi.public,s3.us-east-1",4-8 leaves seedings,Columbia,SRX3722833,USA,North America,USA:Maryland,Illumina HiSeq 4000,46,PAIRED,RANDOM,GENOMIC,Arabidopsis thaliana,ILLUMINA,2018-12-11T00:00:00Z,2018-02-20T10:35:00Z,1,AthMu,SRP133100,leaf,
SRR6750113,not applicable,WGS,302,5954026942,PRJNA434660,SAMN08567280,Plant,2995191971,SOUTH DAKOTA STATE UNIVERSITY,public,"fastq,run.zq,sra","gs,ncbi,s3","gs.us-east1,ncbi.public,s3.us-east-1",4-8 leaves seedings,Columbia,SRX3722832,USA,North America,USA:Maryland,Illumina HiSeq 4000,45,PAIRED,RANDOM,GENOMIC,Arabidopsis thaliana,ILLUMINA,2018-12-11T00:00:00Z,2018-02-20T10:35:00Z,1,AthMu,SRP133100,leaf,
SRR6750115,not applicable,WGS,302,4875577392,PRJNA434660,SAMN08567280,Plant,2422988506,SOUTH DAKOTA STATE UNIVERSITY,public,"fastq,run.zq,sra","gs,ncbi,s3","gs.us-east1,ncbi.public,s3.us-east-1",4-8 leaves seedings,Columbia,SRX3722830,USA,North America,USA:Maryland,Illumina HiSeq 4000,51,PAIRED,RANDOM,GENOMIC,Arabidopsis thaliana,ILLUMINA,2018-12-11T00:00:00Z,2018-02-20T10:35:00Z,1,AthMu,SRP133100,leaf,
SRR6750116,not applicable,WGS,302,9810452484,PRJNA434660,SAMN08567280,Plant,4880630153,SOUTH DAKOTA STATE UNIVERSITY,public,"fastq,run.zq,sra","gs,ncbi,s3","gs.us-east1,ncbi.public,s3.us-east-1",4-8 leaves seedings,Columbia,SRX3722829,USA,North America,USA:Maryland,Illumina HiSeq 4000,50,PAIRED,RANDOM,GENOMIC,Arabidopsis thaliana,ILLUMINA,2018-12-11T00:00:00Z,2018-02-20T10:43:00Z,1,AthMu,SRP133100,leaf,
SRR6750117,not applicable,WGS,302,8345140632,PRJNA434660,SAMN08567280,Plant,4151382925,SOUTH DAKOTA STATE UNIVERSITY,public,"fastq,run.zq,sra","gs,ncbi,s3","gs.us-east1,ncbi.public,s3.us-east-1",4-8 leaves seedings,Columbia,SRX3722828,USA,North America,USA:Maryland,Illumina HiSeq 4000,49,PAIRED,RANDOM,GENOMIC,Arabidopsis thaliana,ILLUMINA,2018-12-11T00:00:00Z,2018-02-20T10:40:00Z,1,AthMu,SRP133100,leaf,
SRR6750122,not applicable,WGS,302,4933629342,PRJNA434660,SAMN08567280,Plant,2454325914,SOUTH DAKOTA STATE UNIVERSITY,public,"fastq,run.zq,sra","gs,ncbi,s3","gs.us-east1,ncbi.public,s3.us-east-1",4-8 leaves seedings,Columbia,SRX3722823,USA,North America,USA:Maryland,Illumina HiSeq 4000,55,PAIRED,RANDOM,GENOMIC,Arabidopsis thaliana,ILLUMINA,2018-12-11T00:00:00Z,2018-02-20T10:32:00Z,1,AthMu,SRP133100,leaf,
SRR6750123,not applicable,WGS,302,3765046986,PRJNA434660,SAMN08567280,Plant,1865502512,SOUTH DAKOTA STATE UNIVERSITY,public,"fastq,run.zq,sra","gs,ncbi,s3","gs.us-east1,ncbi.public,s3.us-east-1",4-8 leaves seedings,Columbia,SRX3722822,USA,North America,USA:Maryland,Illumina HiSeq 4000,56,PAIRED,RANDOM,GENOMIC,Arabidopsis thaliana,ILLUMINA,2018-12-11T00:00:00Z,2018-02-20T10:33:00Z,1,AthMu,SRP133100,leaf,
SRR6750124,not applicable,WGS,302,3541809794,PRJNA434660,SAMN08567280,Plant,1815928785,SOUTH DAKOTA STATE UNIVERSITY,public,"fastq,run.zq,sra","gs,ncbi,s3","gs.us-east1,ncbi.public,s3.us-east-1",4-8 leaves seedings,Columbia,SRX3722821,USA,North America,USA:Maryland,Illumina HiSeq 4000,57,PAIRED,RANDOM,GENOMIC,Arabidopsis thaliana,ILLUMINA,2018-12-11T00:00:00Z,2018-02-20T10:29:00Z,1,AthMu,SRP133100,leaf,
SRR6750125,not applicable,WGS,302,4548760542,PRJNA434660,SAMN08567280,Plant,2279022865,SOUTH DAKOTA STATE UNIVERSITY,public,"fastq,run.zq,sra","gs,ncbi,s3","gs.us-east1,ncbi.public,s3.us-east-1",4-8 leaves seedings,Columbia,SRX3722820,USA,North America,USA:Maryland,Illumina HiSeq 4000,58,PAIRED,RANDOM,GENOMIC,Arabidopsis thaliana,ILLUMINA,2018-12-11T00:00:00Z,2018-02-20T10:31:00Z,1,AthMu,SRP133100,leaf,
SRR6750126,not applicable,WGS,302,2254413692,PRJNA434660,SAMN08567280,Plant,1114055082,SOUTH DAKOTA STATE UNIVERSITY,public,"fastq,run.zq,sra","gs,ncbi,s3","gs.us-east1,ncbi.public,s3.us-east-1",4-8 leaves seedings,Columbia,SRX3722819,USA,North America,USA:Maryland,Illumina HiSeq 4000,63,PAIRED,RANDOM,GENOMIC,Arabidopsis thaliana,ILLUMINA,2018-12-11T00:00:00Z,2018-02-20T10:27:00Z,1,AthMu,SRP133100,leaf,
SRR6750127,not applicable,WGS,302,3952296650,PRJNA434660,SAMN08567280,Plant,1943080576,SOUTH DAKOTA STATE UNIVERSITY,public,"fastq,run.zq,sra","gs,ncbi,s3","gs.us-east1,ncbi.public,s3.us-east-1",4-8 leaves seedings,Columbia,SRX3722818,USA,North America,USA:Maryland,Illumina HiSeq 4000,64,PAIRED,RANDOM,GENOMIC,Arabidopsis thaliana,ILLUMINA,2018-12-11T00:00:00Z,2018-02-20T10:31:00Z,1,AthMu,SRP133100,leaf,
SRR6750128,not applicable,WGS,302,7011675638,PRJNA434660,SAMN08567280,Plant,3472667272,SOUTH DAKOTA STATE UNIVERSITY,public,"fastq,run.zq,sra","gs,ncbi,s3","gs.us-east1,ncbi.public,s3.us-east-1",4-8 leaves seedings,Columbia,SRX3722817,USA,North America,USA:Maryland,Illumina HiSeq 4000,66,PAIRED,RANDOM,GENOMIC,Arabidopsis thaliana,ILLUMINA,2018-12-11T00:00:00Z,2018-02-20T10:36:00Z,1,AthMu,SRP133100,leaf,
SRR6750129,not applicable,WGS,302,3276031976,PRJNA434660,SAMN08567280,Plant,1632930349,SOUTH DAKOTA STATE UNIVERSITY,public,"fastq,run.zq,sra","gs,ncbi,s3","gs.us-east1,ncbi.public,s3.us-east-1",4-8 leaves seedings,Columbia,SRX3722816,USA,North America,USA:Maryland,Illumina HiSeq 4000,65,PAIRED,RANDOM,GENOMIC,Arabidopsis thaliana,ILLUMINA,2018-12-11T00:00:00Z,2018-02-20T10:30:00Z,1,AthMu,SRP133100,leaf,
SRR6750133,not applicable,WGS,302,7295084518,PRJNA434660,SAMN08567280,Plant,3587227157,SOUTH DAKOTA STATE UNIVERSITY,public,"fastq,run.zq,sra","gs,ncbi,s3","gs.us-east1,ncbi.public,s3.us-east-1",4-8 leaves seedings,Columbia,SRX3722812,USA,North America,USA:Maryland,Illumina HiSeq 4000,69,PAIRED,RANDOM,GENOMIC,Arabidopsis thaliana,ILLUMINA,2018-12-11T00:00:00Z,2018-02-20T10:42:00Z,1,AthMu,SRP133100,leaf,
SRR6750141,not applicable,WGS,302,4740633222,PRJNA434660,SAMN08567280,Plant,2354183430,SOUTH DAKOTA STATE UNIVERSITY,public,"fastq,run.zq,sra","gs,ncbi,s3","gs.us-east1,ncbi.public,s3.us-east-1",4-8 leaves seedings,Columbia,SRX3722804,USA,North America,USA:Maryland,Illumina HiSeq 4000,96,PAIRED,RANDOM,GENOMIC,Arabidopsis thaliana,ILLUMINA,2018-12-11T00:00:00Z,2018-02-20T10:32:00Z,1,AthMu,SRP133100,leaf,
SRR6750142,not applicable,WGS,302,3220289722,PRJNA434660,SAMN08567280,Plant,1613163000,SOUTH DAKOTA STATE UNIVERSITY,public,"fastq,run.zq,sra","gs,ncbi,s3","gs.us-east1,ncbi.public,s3.us-east-1",4-8 leaves seedings,Columbia,SRX3722803,USA,North America,USA:Maryland,Illumina HiSeq 4000,94,PAIRED,RANDOM,GENOMIC,Arabidopsis thaliana,ILLUMINA,2018-12-11T00:00:00Z,2018-02-20T10:32:00Z,1,AthMu,SRP133100,leaf,
SRR6750153,not applicable,WGS,302,9398669746,PRJNA434660,SAMN08567280,Plant,4659967122,SOUTH DAKOTA STATE UNIVERSITY,public,"fastq,run.zq,sra","gs,ncbi,s3","gs.us-east1,ncbi.public,s3.us-east-1",4-8 leaves seedings,Columbia,SRX3722792,USA,North America,USA:Maryland,Illumina HiSeq 4000,83,PAIRED,RANDOM,GENOMIC,Arabidopsis thaliana,ILLUMINA,2018-12-11T00:00:00Z,2018-02-20T11:14:00Z,1,AthMu,SRP133100,leaf,
SRR6750156,not applicable,WGS,302,6843566130,PRJNA434660,SAMN08567280,Plant,3439585298,SOUTH DAKOTA STATE UNIVERSITY,public,"fastq,run.zq,sra","gs,ncbi,s3","gs.us-east1,ncbi.public,s3.us-east-1",4-8 leaves seedings,Columbia,SRX3722789,USA,North America,USA:Maryland,Illumina HiSeq 4000,84,PAIRED,RANDOM,GENOMIC,Arabidopsis thaliana,ILLUMINA,2018-12-11T00:00:00Z,2018-02-20T10:43:00Z,1,AthMu,SRP133100,leaf,
SRR6750157,not applicable,WGS,302,5395354424,PRJNA434660,SAMN08567280,Plant,2724391343,SOUTH DAKOTA STATE UNIVERSITY,public,"fastq,run.zq,sra","gs,ncbi,s3","gs.us-east1,ncbi.public,s3.us-east-1",4-8 leaves seedings,Columbia,SRX3722788,USA,North America,USA:Maryland,Illumina HiSeq 4000,85,PAIRED,RANDOM,GENOMIC,Arabidopsis thaliana,ILLUMINA,2018-12-11T00:00:00Z,2018-02-20T10:45:00Z,1,AthMu,SRP133100,leaf,
SRR6750158,not applicable,WGS,302,2947959712,PRJNA434660,SAMN08567280,Plant,1457978402,SOUTH DAKOTA STATE UNIVERSITY,public,"fastq,run.zq,sra","gs,ncbi,s3","gs.us-east1,ncbi.public,s3.us-east-1",4-8 leaves seedings,Columbia,SRX3722787,USA,North America,USA:Maryland,Illumina HiSeq 4000,13,PAIRED,RANDOM,GENOMIC,Arabidopsis thaliana,ILLUMINA,2018-12-11T00:00:00Z,2018-02-20T10:33:00Z,1,AthMu,SRP133100,leaf,
SRR6750159,not applicable,WGS,302,6114463536,PRJNA434660,SAMN08567280,Plant,3029735746,SOUTH DAKOTA STATE UNIVERSITY,public,"fastq,run.zq,sra","gs,ncbi,s3","gs.us-east1,ncbi.public,s3.us-east-1",4-8 leaves seedings,Columbia,SRX3722786,USA,North America,USA:Maryland,Illumina HiSeq 4000,14,PAIRED,RANDOM,GENOMIC,Arabidopsis thaliana,ILLUMINA,2018-12-11T00:00:00Z,2018-02-20T10:40:00Z,1,AthMu,SRP133100,leaf,
SRR6750160,not applicable,WGS,302,4318882672,PRJNA434660,SAMN08567280,Plant,2164637149,SOUTH DAKOTA STATE UNIVERSITY,public,"fastq,run.zq,sra","gs,ncbi,s3","gs.us-east1,ncbi.public,s3.us-east-1",4-8 leaves seedings,Columbia,SRX3722785,USA,North America,USA:Maryland,Illumina HiSeq 4000,15,PAIRED,RANDOM,GENOMIC,Arabidopsis thaliana,ILLUMINA,2018-12-11T00:00:00Z,2018-02-20T10:40:00Z,1,AthMu,SRP133100,leaf,
SRR6750161,not applicable,WGS,302,2137930782,PRJNA434660,SAMN08567280,Plant,1080188863,SOUTH DAKOTA STATE UNIVERSITY,public,"fastq,run.zq,sra","gs,ncbi,s3","gs.us-east1,ncbi.public,s3.us-east-1",4-8 leaves seedings,Columbia,SRX3722784,USA,North America,USA:Maryland,Illumina HiSeq 4000,16,PAIRED,RANDOM,GENOMIC,Arabidopsis thaliana,ILLUMINA,2018-12-11T00:00:00Z,2018-02-20T10:33:00Z,1,AthMu,SRP133100,leaf,
SRR6750162,not applicable,WGS,302,3915257558,PRJNA434660,SAMN08567280,Plant,1970673911,SOUTH DAKOTA STATE UNIVERSITY,public,"fastq,run.zq,sra","gs,ncbi,s3","gs.us-east1,ncbi.public,s3.us-east-1",4-8 leaves seedings,Columbia,SRX3722783,USA,North America,USA:Maryland,Illumina HiSeq 4000,17,PAIRED,RANDOM,GENOMIC,Arabidopsis thaliana,ILLUMINA,2018-12-11T00:00:00Z,2018-02-20T10:38:00Z,1,AthMu,SRP133100,leaf,
SRR6750170,not applicable,WGS,300,3176062824,PRJNA434660,SAMN08567280,Plant,1387688132,SOUTH DAKOTA STATE UNIVERSITY,public,"fastq,run.zq,sra","gs,ncbi,s3","gs.us-east1,ncbi.public,s3.us-east-1",4-8 leaves seedings,Columbia,SRX3722775,USA,North America,USA:Maryland,Illumina HiSeq 4000,118,PAIRED,RANDOM,GENOMIC,Arabidopsis thaliana,ILLUMINA,2018-12-11T00:00:00Z,2018-02-20T10:41:00Z,1,AthMu,SRP133100,leaf,
SRR6750171,not applicable,WGS,300,4706912087,PRJNA434660,SAMN08567280,Plant,2075748052,SOUTH DAKOTA STATE UNIVERSITY,public,"fastq,run.zq,sra","gs,ncbi,s3","gs.us-east1,ncbi.public,s3.us-east-1",4-8 leaves seedings,Columbia,SRX3722774,USA,North America,USA:Maryland,Illumina HiSeq 4000,117,PAIRED,RANDOM,GENOMIC,Arabidopsis thaliana,ILLUMINA,2018-12-11T00:00:00Z,2018-02-20T10:48:00Z,1,AthMu,SRP133100,leaf,
SRR6750182,not applicable,WGS,300,8886677459,PRJNA434660,SAMN08567280,Plant,3901605734,SOUTH DAKOTA STATE UNIVERSITY,public,"fastq,run.zq,sra","gs,ncbi,s3","gs.us-east1,ncbi.public,s3.us-east-1",4-8 leaves seedings,Columbia,SRX3722763,USA,North America,USA:Maryland,Illumina HiSeq 4000,109,PAIRED,RANDOM,GENOMIC,Arabidopsis thaliana,ILLUMINA,2018-12-11T00:00:00Z,2018-02-20T10:48:00Z,1,AthMu,SRP133100,leaf,
SRR6750183,not applicable,WGS,300,5552667074,PRJNA434660,SAMN08567280,Plant,2426395705,SOUTH DAKOTA STATE UNIVERSITY,public,"fastq,run.zq,sra","gs,ncbi,s3","gs.us-east1,ncbi.public,s3.us-east-1",4-8 leaves seedings,Columbia,SRX3722762,USA,North America,USA:Maryland,Illumina HiSeq 4000,110,PAIRED,RANDOM,GENOMIC,Arabidopsis thaliana,ILLUMINA,2018-12-11T00:00:00Z,2018-02-20T10:51:00Z,1,AthMu,SRP133100,leaf,
SRR6750184,not applicable,WGS,302,7424412092,PRJNA434660,SAMN08567280,Plant,3642148643,SOUTH DAKOTA STATE UNIVERSITY,public,"fastq,run.zq,sra","gs,ncbi,s3","gs.us-east1,ncbi.public,s3.us-east-1",4-8 leaves seedings,Columbia,SRX3722761,USA,North America,USA:Maryland,Illumina HiSeq 4000,5,PAIRED,RANDOM,GENOMIC,Arabidopsis thaliana,ILLUMINA,2018-12-11T00:00:00Z,2018-02-20T10:55:00Z,1,AthMu,SRP133100,leaf,
SRR6750185,not applicable,WGS,302,5388710726,PRJNA434660,SAMN08567280,Plant,2666202721,SOUTH DAKOTA STATE UNIVERSITY,public,"fastq,run.zq,sra","gs,ncbi,s3","gs.us-east1,ncbi.public,s3.us-east-1",4-8 leaves seedings,Columbia,SRX3722760,USA,North America,USA:Maryland,Illumina HiSeq 4000,6,PAIRED,RANDOM,GENOMIC,Arabidopsis thaliana,ILLUMINA,2018-12-11T00:00:00Z,2018-02-20T10:42:00Z,1,AthMu,SRP133100,leaf,
SRR6750186,not applicable,WGS,302,6843336006,PRJNA434660,SAMN08567280,Plant,3350540368,SOUTH DAKOTA STATE UNIVERSITY,public,"fastq,run.zq,sra","gs,ncbi,s3","gs.us-east1,ncbi.public,s3.us-east-1",4-8 leaves seedings,Columbia,SRX3722759,USA,North America,USA:Maryland,Illumina HiSeq 4000,7,PAIRED,RANDOM,GENOMIC,Arabidopsis thaliana,ILLUMINA,2018-12-11T00:00:00Z,2018-02-20T10:59:00Z,1,AthMu,SRP133100,leaf,
SRR6750187,not applicable,WGS,302,6376458804,PRJNA434660,SAMN08567280,Plant,3123946795,SOUTH DAKOTA STATE UNIVERSITY,public,"fastq,run.zq,sra","gs,ncbi,s3","gs.us-east1,ncbi.public,s3.us-east-1",4-8 leaves seedings,Columbia,SRX3722758,USA,North America,USA:Maryland,Illumina HiSeq 4000,8,PAIRED,RANDOM,GENOMIC,Arabidopsis thaliana,ILLUMINA,2018-12-11T00:00:00Z,2018-02-20T10:51:00Z,1,AthMu,SRP133100,leaf,
SRR6750189,not applicable,WGS,302,6915321632,PRJNA434660,SAMN08567280,Plant,3416867603,SOUTH DAKOTA STATE UNIVERSITY,public,"fastq,run.zq,sra","gs,ncbi,s3","gs.us-east1,ncbi.public,s3.us-east-1",4-8 leaves seedings,Columbia,SRX3722756,USA,North America,USA:Maryland,Illumina HiSeq 4000,2,PAIRED,RANDOM,GENOMIC,Arabidopsis thaliana,ILLUMINA,2018-12-11T00:00:00Z,2018-02-20T10:45:00Z,1,AthMu,SRP133100,leaf,
SRR6750195,not applicable,WGS,302,4823223880,PRJNA434660,SAMN08567280,Plant,2458071673,SOUTH DAKOTA STATE UNIVERSITY,public,"fastq,run.zq,sra","gs,ncbi,s3","gs.us-east1,ncbi.public,s3.us-east-1",4-8 leaves seedings,Columbia,SRX3722750,USA,North America,USA:Maryland,Illumina HiSeq 4000,34,PAIRED,RANDOM,GENOMIC,Arabidopsis thaliana,ILLUMINA,2018-12-11T00:00:00Z,2018-02-20T10:44:00Z,1,AthMu,SRP133100,leaf,
SRR6750196,not applicable,WGS,302,2548438174,PRJNA434660,SAMN08567280,Plant,1316907969,SOUTH DAKOTA STATE UNIVERSITY,public,"fastq,run.zq,sra","gs,ncbi,s3","gs.us-east1,ncbi.public,s3.us-east-1",4-8 leaves seedings,Columbia,SRX3722749,USA,North America,USA:Maryland,Illumina HiSeq 4000,33,PAIRED,RANDOM,GENOMIC,Arabidopsis thaliana,ILLUMINA,2018-12-11T00:00:00Z,2018-02-20T10:39:00Z,1,AthMu,SRP133100,leaf,
SRR6750197,not applicable,WGS,302,2285039512,PRJNA434660,SAMN08567280,Plant,1158451276,SOUTH DAKOTA STATE UNIVERSITY,public,"fastq,run.zq,sra","gs,ncbi,s3","gs.us-east1,ncbi.public,s3.us-east-1",4-8 leaves seedings,Columbia,SRX3722748,USA,North America,USA:Maryland,Illumina HiSeq 4000,29,PAIRED,RANDOM,GENOMIC,Arabidopsis thaliana,ILLUMINA,2018-12-11T00:00:00Z,2018-02-20T10:40:00Z,1,AthMu,SRP133100,leaf,
SRR6750198,not applicable,WGS,302,2195900286,PRJNA434660,SAMN08567280,Plant,1100591314,SOUTH DAKOTA STATE UNIVERSITY,public,"fastq,run.zq,sra","gs,ncbi,s3","gs.us-east1,ncbi.public,s3.us-east-1",4-8 leaves seedings,Columbia,SRX3722747,USA,North America,USA:Maryland,Illumina HiSeq 4000,28,PAIRED,RANDOM,GENOMIC,Arabidopsis thaliana,ILLUMINA,2018-12-11T00:00:00Z,2018-02-20T10:40:00Z,1,AthMu,SRP133100,leaf,
SRR6750201,not applicable,WGS,302,5033646608,PRJNA434660,SAMN08567280,Plant,2494736382,SOUTH DAKOTA STATE UNIVERSITY,public,"fastq,run.zq,sra","gs,ncbi,s3","gs.us-east1,ncbi.public,s3.us-east-1",4-8 leaves seedings,Columbia,SRX3722744,USA,North America,USA:Maryland,Illumina HiSeq 4000,25,PAIRED,RANDOM,GENOMIC,Arabidopsis thaliana,ILLUMINA,2018-12-11T00:00:00Z,2018-02-20T10:56:00Z,1,AthMu,SRP133100,leaf,
SRR6750202,not applicable,WGS,302,3968918730,PRJNA434660,SAMN08567280,Plant,2002102534,SOUTH DAKOTA STATE UNIVERSITY,public,"fastq,run.zq,sra","gs,ncbi,s3","gs.us-east1,ncbi.public,s3.us-east-1",4-8 leaves seedings,Columbia,SRX3722743,USA,North America,USA:Maryland,Illumina HiSeq 4000,24,PAIRED,RANDOM,GENOMIC,Arabidopsis thaliana,ILLUMINA,2018-12-11T00:00:00Z,2018-02-20T10:43:00Z,1,AthMu,SRP133100,leaf,
SRR6750203,not applicable,WGS,302,3618068116,PRJNA434660,SAMN08567280,Plant,1794313102,SOUTH DAKOTA STATE UNIVERSITY,public,"fastq,run.zq,sra","gs,ncbi,s3","gs.us-east1,ncbi.public,s3.us-east-1",4-8 leaves seedings,Columbia,SRX3722742,USA,North America,USA:Maryland,Illumina HiSeq 4000,27,PAIRED,RANDOM,GENOMIC,Arabidopsis thaliana,ILLUMINA,2018-12-11T00:00:00Z,2018-02-20T10:42:00Z,1,AthMu,SRP133100,leaf,
SRR6750098,not applicable,WGS,302,6431485620,PRJNA434660,SAMN08567280,Plant,3186457247,SOUTH DAKOTA STATE UNIVERSITY,public,"fastq,run.zq,sra","gs,ncbi,s3","gs.us-east1,ncbi.public,s3.us-east-1",4-8 leaves seedings,Columbia,SRX3722847,USA,North America,USA:Maryland,Illumina HiSeq 4000,43,PAIRED,RANDOM,GENOMIC,Arabidopsis thaliana,ILLUMINA,2018-12-11T00:00:00Z,2018-02-20T10:35:00Z,1,AthMu,SRP133100,leaf,
SRR6750099,not applicable,WGS,302,6125937724,PRJNA434660,SAMN08567280,Plant,3040903787,SOUTH DAKOTA STATE UNIVERSITY,public,"fastq,run.zq,sra","gs,ncbi,s3","gs.us-east1,ncbi.public,s3.us-east-1",4-8 leaves seedings,Columbia,SRX3722846,USA,North America,USA:Maryland,Illumina HiSeq 4000,44,PAIRED,RANDOM,GENOMIC,Arabidopsis thaliana,ILLUMINA,2018-12-11T00:00:00Z,2018-02-20T10:36:00Z,1,AthMu,SRP133100,leaf,
SRR6750100,not applicable,WGS,302,10456599604,PRJNA434660,SAMN08567280,Plant,5209476603,SOUTH DAKOTA STATE UNIVERSITY,public,"fastq,run.zq,sra","gs,ncbi,s3","gs.us-east1,ncbi.public,s3.us-east-1",4-8 leaves seedings,Columbia,SRX3722845,USA,North America,USA:Maryland,Illumina HiSeq 4000,41,PAIRED,RANDOM,GENOMIC,Arabidopsis thaliana,ILLUMINA,2018-12-11T00:00:00Z,2018-02-20T10:42:00Z,1,AthMu,SRP133100,leaf,
SRR6750101,not applicable,WGS,302,9862022306,PRJNA434660,SAMN08567280,Plant,4877725231,SOUTH DAKOTA STATE UNIVERSITY,public,"fastq,run.zq,sra","gs,ncbi,s3","gs.us-east1,ncbi.public,s3.us-east-1",4-8 leaves seedings,Columbia,SRX3722844,USA,North America,USA:Maryland,Illumina HiSeq 4000,42,PAIRED,RANDOM,GENOMIC,Arabidopsis thaliana,ILLUMINA,2018-12-11T00:00:00Z,2018-02-20T10:44:00Z,1,AthMu,SRP133100,leaf,
SRR6750102,not applicable,WGS,300,1854550320,PRJNA434660,SAMN08567280,Plant,1028648111,SOUTH DAKOTA STATE UNIVERSITY,public,"fastq,run.zq,sra","gs,ncbi,s3","gs.us-east1,ncbi.public,s3.us-east-1",4-8 leaves seedings,Columbia,SRX3722843,USA,North America,USA:Maryland,Illumina HiSeq 4000,39,PAIRED,RANDOM,GENOMIC,Arabidopsis thaliana,ILLUMINA,2018-12-11T00:00:00Z,2018-02-20T10:28:00Z,1,AthMu,SRP133100,leaf,
SRR6750106,not applicable,WGS,302,5086399666,PRJNA434660,SAMN08567280,Plant,2662494255,SOUTH DAKOTA STATE UNIVERSITY,public,"fastq,run.zq,sra","gs,ncbi,s3","gs.us-east1,ncbi.public,s3.us-east-1",4-8 leaves seedings,Columbia,SRX3722839,USA,North America,USA:Maryland,Illumina HiSeq 4000,35,PAIRED,RANDOM,GENOMIC,Arabidopsis thaliana,ILLUMINA,2018-12-11T00:00:00Z,2018-02-20T10:32:00Z,1,AthMu,SRP133100,leaf,
SRR6750107,not applicable,WGS,302,1428663548,PRJNA434660,SAMN08567280,Plant,743661411,SOUTH DAKOTA STATE UNIVERSITY,public,"fastq,run.zq,sra","gs,ncbi,s3","gs.us-east1,ncbi.public,s3.us-east-1",4-8 leaves seedings,Columbia,SRX3722838,USA,North America,USA:Maryland,Illumina HiSeq 4000,36,PAIRED,RANDOM,GENOMIC,Arabidopsis thaliana,ILLUMINA,2018-12-11T00:00:00Z,2018-02-20T10:26:00Z,1,AthMu,SRP133100,leaf,
SRR6750108,not applicable,WGS,302,4498383318,PRJNA434660,SAMN08567280,Plant,2247515467,SOUTH DAKOTA STATE UNIVERSITY,public,"fastq,run.zq,sra","gs,ncbi,s3","gs.us-east1,ncbi.public,s3.us-east-1",4-8 leaves seedings,Columbia,SRX3722837,USA,North America,USA:Maryland,Illumina HiSeq 4000,54,PAIRED,RANDOM,GENOMIC,Arabidopsis thaliana,ILLUMINA,2018-12-11T00:00:00Z,2018-02-20T10:32:00Z,1,AthMu,SRP133100,leaf,
SRR6750109,not applicable,WGS,302,5391907698,PRJNA434660,SAMN08567280,Plant,2664179755,SOUTH DAKOTA STATE UNIVERSITY,public,"fastq,run.zq,sra","gs,ncbi,s3","gs.us-east1,ncbi.public,s3.us-east-1",4-8 leaves seedings,Columbia,SRX3722836,USA,North America,USA:Maryland,Illumina HiSeq 4000,53,PAIRED,RANDOM,GENOMIC,Arabidopsis thaliana,ILLUMINA,2018-12-11T00:00:00Z,2018-02-20T10:38:00Z,1,AthMu,SRP133100,leaf,
SRR6750110,not applicable,WGS,302,9373553614,PRJNA434660,SAMN08567280,Plant,4671983958,SOUTH DAKOTA STATE UNIVERSITY,public,"fastq,run.zq,sra","gs,ncbi,s3","gs.us-east1,ncbi.public,s3.us-east-1",4-8 leaves seedings,Columbia,SRX3722835,USA,North America,USA:Maryland,Illumina HiSeq 4000,48,PAIRED,RANDOM,GENOMIC,Arabidopsis thaliana,ILLUMINA,2018-12-11T00:00:00Z,2018-02-20T10:40:00Z,1,AthMu,SRP133100,leaf,
SRR6750111,not applicable,WGS,302,5099251276,PRJNA434660,SAMN08567280,Plant,2525223515,SOUTH DAKOTA STATE UNIVERSITY,public,"fastq,run.zq,sra","gs,ncbi,s3","gs.us-east1,ncbi.public,s3.us-east-1",4-8 leaves seedings,Columbia,SRX3722834,USA,North America,USA:Maryland,Illumina HiSeq 4000,47,PAIRED,RANDOM,GENOMIC,Arabidopsis thaliana,ILLUMINA,2018-12-11T00:00:00Z,2018-02-20T10:32:00Z,1,AthMu,SRP133100,leaf,
SRR6750114,not applicable,WGS,302,3095424500,PRJNA434660,SAMN08567280,Plant,1545616304,SOUTH DAKOTA STATE UNIVERSITY,public,"fastq,run.zq,sra","gs,ncbi,s3","gs.us-east1,ncbi.public,s3.us-east-1",4-8 leaves seedings,Columbia,SRX3722831,USA,North America,USA:Maryland,Illumina HiSeq 4000,52,PAIRED,RANDOM,GENOMIC,Arabidopsis thaliana,ILLUMINA,2018-12-11T00:00:00Z,2018-02-20T10:28:00Z,1,AthMu,SRP133100,leaf,
SRR6750118,not applicable,WGS,302,5014465078,PRJNA434660,SAMN08567280,Plant,2560758983,SOUTH DAKOTA STATE UNIVERSITY,public,"fastq,run.zq,sra","gs,ncbi,s3","gs.us-east1,ncbi.public,s3.us-east-1",4-8 leaves seedings,Columbia,SRX3722827,USA,North America,USA:Maryland,Illumina HiSeq 4000,59,PAIRED,RANDOM,GENOMIC,Arabidopsis thaliana,ILLUMINA,2018-12-11T00:00:00Z,2018-02-20T10:32:00Z,1,AthMu,SRP133100,leaf,
SRR6750119,not applicable,WGS,302,4854206362,PRJNA434660,SAMN08567280,Plant,2493557945,SOUTH DAKOTA STATE UNIVERSITY,public,"fastq,run.zq,sra","gs,ncbi,s3","gs.us-east1,ncbi.public,s3.us-east-1",4-8 leaves seedings,Columbia,SRX3722826,USA,North America,USA:Maryland,Illumina HiSeq 4000,60,PAIRED,RANDOM,GENOMIC,Arabidopsis thaliana,ILLUMINA,2018-12-11T00:00:00Z,2018-02-20T10:41:00Z,1,AthMu,SRP133100,leaf,
SRR6750120,not applicable,WGS,302,2200816242,PRJNA434660,SAMN08567280,Plant,1099083062,SOUTH DAKOTA STATE UNIVERSITY,public,"fastq,run.zq,sra","gs,ncbi,s3","gs.us-east1,ncbi.public,s3.us-east-1",4-8 leaves seedings,Columbia,SRX3722825,USA,North America,USA:Maryland,Illumina HiSeq 4000,61,PAIRED,RANDOM,GENOMIC,Arabidopsis thaliana,ILLUMINA,2018-12-11T00:00:00Z,2018-02-20T10:27:00Z,1,AthMu,SRP133100,leaf,
SRR6750121,not applicable,WGS,302,2682899446,PRJNA434660,SAMN08567280,Plant,1326026280,SOUTH DAKOTA STATE UNIVERSITY,public,"fastq,run.zq,sra","gs,ncbi,s3","gs.us-east1,ncbi.public,s3.us-east-1",4-8 leaves seedings,Columbia,SRX3722824,USA,North America,USA:Maryland,Illumina HiSeq 4000,62,PAIRED,RANDOM,GENOMIC,Arabidopsis thaliana,ILLUMINA,2018-12-11T00:00:00Z,2018-02-20T10:30:00Z,1,AthMu,SRP133100,leaf,
SRR6750130,not applicable,WGS,302,7568327776,PRJNA434660,SAMN08567280,Plant,3736524668,SOUTH DAKOTA STATE UNIVERSITY,public,"fastq,run.zq,sra","gs,ncbi,s3","gs.us-east1,ncbi.public,s3.us-east-1",4-8 leaves seedings,Columbia,SRX3722815,USA,North America,USA:Maryland,Illumina HiSeq 4000,68,PAIRED,RANDOM,GENOMIC,Arabidopsis thaliana,ILLUMINA,2018-12-11T00:00:00Z,2018-02-20T10:45:00Z,1,AthMu,SRP133100,leaf,
SRR6750131,not applicable,WGS,302,2630323964,PRJNA434660,SAMN08567280,Plant,1308167670,SOUTH DAKOTA STATE UNIVERSITY,public,"fastq,run.zq,sra","gs,ncbi,s3","gs.us-east1,ncbi.public,s3.us-east-1",4-8 leaves seedings,Columbia,SRX3722814,USA,North America,USA:Maryland,Illumina HiSeq 4000,67,PAIRED,RANDOM,GENOMIC,Arabidopsis thaliana,ILLUMINA,2018-12-11T00:00:00Z,2018-02-20T10:29:00Z,1,AthMu,SRP133100,leaf,
SRR6750132,not applicable,WGS,302,3399411358,PRJNA434660,SAMN08567280,Plant,1661628296,SOUTH DAKOTA STATE UNIVERSITY,public,"fastq,run.zq,sra","gs,ncbi,s3","gs.us-east1,ncbi.public,s3.us-east-1",4-8 leaves seedings,Columbia,SRX3722813,USA,North America,USA:Maryland,Illumina HiSeq 4000,71,PAIRED,RANDOM,GENOMIC,Arabidopsis thaliana,ILLUMINA,2018-12-11T00:00:00Z,2018-02-20T10:34:00Z,1,AthMu,SRP133100,leaf,
SRR6750134,not applicable,WGS,302,6339853384,PRJNA434660,SAMN08567280,Plant,3131577910,SOUTH DAKOTA STATE UNIVERSITY,public,"fastq,run.zq,sra","gs,ncbi,s3","gs.us-east1,ncbi.public,s3.us-east-1",4-8 leaves seedings,Columbia,SRX3722811,USA,North America,USA:Maryland,Illumina HiSeq 4000,73,PAIRED,RANDOM,GENOMIC,Arabidopsis thaliana,ILLUMINA,2018-12-11T00:00:00Z,2018-02-20T10:44:00Z,1,AthMu,SRP133100,leaf,
SRR6750135,not applicable,WGS,302,5690834546,PRJNA434660,SAMN08567280,Plant,2799652978,SOUTH DAKOTA STATE UNIVERSITY,public,"fastq,run.zq,sra","gs,ncbi,s3","gs.us-east1,ncbi.public,s3.us-east-1",4-8 leaves seedings,Columbia,SRX3722810,USA,North America,USA:Maryland,Illumina HiSeq 4000,72,PAIRED,RANDOM,GENOMIC,Arabidopsis thaliana,ILLUMINA,2018-12-11T00:00:00Z,2018-02-20T10:37:00Z,1,AthMu,SRP133100,leaf,
SRR6750136,not applicable,WGS,302,5190066602,PRJNA434660,SAMN08567280,Plant,2573305475,SOUTH DAKOTA STATE UNIVERSITY,public,"fastq,run.zq,sra","gs,ncbi,s3","gs.us-east1,ncbi.public,s3.us-east-1",4-8 leaves seedings,Columbia,SRX3722809,USA,North America,USA:Maryland,Illumina HiSeq 4000,75,PAIRED,RANDOM,GENOMIC,Arabidopsis thaliana,ILLUMINA,2018-12-11T00:00:00Z,2018-02-20T10:35:00Z,1,AthMu,SRP133100,leaf,
SRR6750137,not applicable,WGS,302,6159223560,PRJNA434660,SAMN08567280,Plant,3053000538,SOUTH DAKOTA STATE UNIVERSITY,public,"fastq,run.zq,sra","gs,ncbi,s3","gs.us-east1,ncbi.public,s3.us-east-1",4-8 leaves seedings,Columbia,SRX3722808,USA,North America,USA:Maryland,Illumina HiSeq 4000,74,PAIRED,RANDOM,GENOMIC,Arabidopsis thaliana,ILLUMINA,2018-12-11T00:00:00Z,2018-02-20T10:40:00Z,1,AthMu,SRP133100,leaf,
SRR6750138,not applicable,WGS,300,1538810341,PRJNA434660,SAMN08567280,Plant,846726659,SOUTH DAKOTA STATE UNIVERSITY,public,"fastq,run.zq,sra","gs,ncbi,s3","gs.us-east1,ncbi.public,s3.us-east-1",4-8 leaves seedings,Columbia,SRX3722807,USA,North America,USA:Maryland,Illumina HiSeq 4000,100,PAIRED,RANDOM,GENOMIC,Arabidopsis thaliana,ILLUMINA,2018-12-11T00:00:00Z,2018-02-20T10:26:00Z,1,AthMu,SRP133100,leaf,
SRR6750139,not applicable,WGS,302,4315624998,PRJNA434660,SAMN08567280,Plant,2186745563,SOUTH DAKOTA STATE UNIVERSITY,public,"fastq,run.zq,sra","gs,ncbi,s3","gs.us-east1,ncbi.public,s3.us-east-1",4-8 leaves seedings,Columbia,SRX3722806,USA,North America,USA:Maryland,Illumina HiSeq 4000,99,PAIRED,RANDOM,GENOMIC,Arabidopsis thaliana,ILLUMINA,2018-12-11T00:00:00Z,2018-02-20T10:33:00Z,1,AthMu,SRP133100,leaf,
SRR6750140,not applicable,WGS,302,3364929602,PRJNA434660,SAMN08567280,Plant,1682318566,SOUTH DAKOTA STATE UNIVERSITY,public,"fastq,run.zq,sra","gs,ncbi,s3","gs.us-east1,ncbi.public,s3.us-east-1",4-8 leaves seedings,Columbia,SRX3722805,USA,North America,USA:Maryland,Illumina HiSeq 4000,98,PAIRED,RANDOM,GENOMIC,Arabidopsis thaliana,ILLUMINA,2018-12-11T00:00:00Z,2018-02-20T10:30:00Z,1,AthMu,SRP133100,leaf,
SRR6750143,not applicable,WGS,302,5629532472,PRJNA434660,SAMN08567280,Plant,2826610654,SOUTH DAKOTA STATE UNIVERSITY,public,"fastq,run.zq,sra","gs,ncbi,s3","gs.us-east1,ncbi.public,s3.us-east-1",4-8 leaves seedings,Columbia,SRX3722802,USA,North America,USA:Maryland,Illumina HiSeq 4000,92,PAIRED,RANDOM,GENOMIC,Arabidopsis thaliana,ILLUMINA,2018-12-11T00:00:00Z,2018-02-20T10:36:00Z,1,AthMu,SRP133100,leaf,
SRR6750144,not applicable,WGS,302,5106052316,PRJNA434660,SAMN08567280,Plant,2529027422,SOUTH DAKOTA STATE UNIVERSITY,public,"fastq,run.zq,sra","gs,ncbi,s3","gs.us-east1,ncbi.public,s3.us-east-1",4-8 leaves seedings,Columbia,SRX3722801,USA,North America,USA:Maryland,Illumina HiSeq 4000,91,PAIRED,RANDOM,GENOMIC,Arabidopsis thaliana,ILLUMINA,2018-12-11T00:00:00Z,2018-02-20T10:34:00Z,1,AthMu,SRP133100,leaf,
SRR6750145,not applicable,WGS,302,2997013874,PRJNA434660,SAMN08567280,Plant,1502580413,SOUTH DAKOTA STATE UNIVERSITY,public,"fastq,run.zq,sra","gs,ncbi,s3","gs.us-east1,ncbi.public,s3.us-east-1",4-8 leaves seedings,Columbia,SRX3722800,USA,North America,USA:Maryland,Illumina HiSeq 4000,89,PAIRED,RANDOM,GENOMIC,Arabidopsis thaliana,ILLUMINA,2018-12-11T00:00:00Z,2018-02-20T10:34:00Z,1,AthMu,SRP133100,leaf,
SRR6750146,not applicable,WGS,302,3330395298,PRJNA434660,SAMN08567280,Plant,1663932281,SOUTH DAKOTA STATE UNIVERSITY,public,"fastq,run.zq,sra","gs,ncbi,s3","gs.us-east1,ncbi.public,s3.us-east-1",4-8 leaves seedings,Columbia,SRX3722799,USA,North America,USA:Maryland,Illumina HiSeq 4000,88,PAIRED,RANDOM,GENOMIC,Arabidopsis thaliana,ILLUMINA,2018-12-11T00:00:00Z,2018-02-20T10:34:00Z,1,AthMu,SRP133100,leaf,
SRR6750147,not applicable,WGS,302,3895257306,PRJNA434660,SAMN08567280,Plant,1940782662,SOUTH DAKOTA STATE UNIVERSITY,public,"fastq,run.zq,sra","gs,ncbi,s3","gs.us-east1,ncbi.public,s3.us-east-1",4-8 leaves seedings,Columbia,SRX3722798,USA,North America,USA:Maryland,Illumina HiSeq 4000,86,PAIRED,RANDOM,GENOMIC,Arabidopsis thaliana,ILLUMINA,2018-12-11T00:00:00Z,2018-02-20T10:37:00Z,1,AthMu,SRP133100,leaf,
SRR6750148,not applicable,WGS,302,6079010246,PRJNA434660,SAMN08567280,Plant,3008006056,SOUTH DAKOTA STATE UNIVERSITY,public,"fastq,run.zq,sra","gs,ncbi,s3","gs.us-east1,ncbi.public,s3.us-east-1",4-8 leaves seedings,Columbia,SRX3722797,USA,North America,USA:Maryland,Illumina HiSeq 4000,78,PAIRED,RANDOM,GENOMIC,Arabidopsis thaliana,ILLUMINA,2018-12-11T00:00:00Z,2018-02-20T10:36:00Z,1,AthMu,SRP133100,leaf,
SRR6750149,not applicable,WGS,302,5823561734,PRJNA434660,SAMN08567280,Plant,2898043873,SOUTH DAKOTA STATE UNIVERSITY,public,"fastq,run.zq,sra","gs,ncbi,s3","gs.us-east1,ncbi.public,s3.us-east-1",4-8 leaves seedings,Columbia,SRX3722796,USA,North America,USA:Maryland,Illumina HiSeq 4000,79,PAIRED,RANDOM,GENOMIC,Arabidopsis thaliana,ILLUMINA,2018-12-11T00:00:00Z,2018-02-20T10:39:00Z,1,AthMu,SRP133100,leaf,
SRR6750150,not applicable,WGS,302,9541614500,PRJNA434660,SAMN08567280,Plant,4734710301,SOUTH DAKOTA STATE UNIVERSITY,public,"fastq,run.zq,sra","gs,ncbi,s3","gs.us-east1,ncbi.public,s3.us-east-1",4-8 leaves seedings,Columbia,SRX3722795,USA,North America,USA:Maryland,Illumina HiSeq 4000,76,PAIRED,RANDOM,GENOMIC,Arabidopsis thaliana,ILLUMINA,2018-12-11T00:00:00Z,2018-02-20T10:44:00Z,1,AthMu,SRP133100,leaf,
SRR6750151,not applicable,WGS,302,6420717206,PRJNA434660,SAMN08567280,Plant,3161660769,SOUTH DAKOTA STATE UNIVERSITY,public,"fastq,run.zq,sra","gs,ncbi,s3","gs.us-east1,ncbi.public,s3.us-east-1",4-8 leaves seedings,Columbia,SRX3722794,USA,North America,USA:Maryland,Illumina HiSeq 4000,77,PAIRED,RANDOM,GENOMIC,Arabidopsis thaliana,ILLUMINA,2018-12-11T00:00:00Z,2018-02-20T10:41:00Z,1,AthMu,SRP133100,leaf,
SRR6750152,not applicable,WGS,302,6691157300,PRJNA434660,SAMN08567280,Plant,3366867127,SOUTH DAKOTA STATE UNIVERSITY,public,"fastq,run.zq,sra","gs,ncbi,s3","gs.us-east1,ncbi.public,s3.us-east-1",4-8 leaves seedings,Columbia,SRX3722793,USA,North America,USA:Maryland,Illumina HiSeq 4000,82,PAIRED,RANDOM,GENOMIC,Arabidopsis thaliana,ILLUMINA,2018-12-11T00:00:00Z,2018-02-20T10:49:00Z,1,AthMu,SRP133100,leaf,
SRR6750154,not applicable,WGS,302,7750520752,PRJNA434660,SAMN08567280,Plant,3787396215,SOUTH DAKOTA STATE UNIVERSITY,public,"fastq,run.zq,sra","gs,ncbi,s3","gs.us-east1,ncbi.public,s3.us-east-1",4-8 leaves seedings,Columbia,SRX3722791,USA,North America,USA:Maryland,Illumina HiSeq 4000,80,PAIRED,RANDOM,GENOMIC,Arabidopsis thaliana,ILLUMINA,2018-12-11T00:00:00Z,2018-02-20T10:43:00Z,1,AthMu,SRP133100,leaf,
SRR6750155,not applicable,WGS,302,8961084128,PRJNA434660,SAMN08567280,Plant,4393908717,SOUTH DAKOTA STATE UNIVERSITY,public,"fastq,run.zq,sra","gs,ncbi,s3","gs.us-east1,ncbi.public,s3.us-east-1",4-8 leaves seedings,Columbia,SRX3722790,USA,North America,USA:Maryland,Illumina HiSeq 4000,81,PAIRED,RANDOM,GENOMIC,Arabidopsis thaliana,ILLUMINA,2018-12-11T00:00:00Z,2018-02-20T10:53:00Z,1,AthMu,SRP133100,leaf,
SRR6750163,not applicable,WGS,302,3339382516,PRJNA434660,SAMN08567280,Plant,1626050302,SOUTH DAKOTA STATE UNIVERSITY,public,"fastq,run.zq,sra","gs,ncbi,s3","gs.us-east1,ncbi.public,s3.us-east-1",4-8 leaves seedings,Columbia,SRX3722782,USA,North America,USA:Maryland,Illumina HiSeq 4000,18,PAIRED,RANDOM,GENOMIC,Arabidopsis thaliana,ILLUMINA,2018-12-11T00:00:00Z,2018-02-20T10:37:00Z,1,AthMu,SRP133100,leaf,
SRR6750164,not applicable,WGS,302,4165887056,PRJNA434660,SAMN08567280,Plant,2110083289,SOUTH DAKOTA STATE UNIVERSITY,public,"fastq,run.zq,sra","gs,ncbi,s3","gs.us-east1,ncbi.public,s3.us-east-1",4-8 leaves seedings,Columbia,SRX3722781,USA,North America,USA:Maryland,Illumina HiSeq 4000,19,PAIRED,RANDOM,GENOMIC,Arabidopsis thaliana,ILLUMINA,2018-12-11T00:00:00Z,2018-02-20T10:39:00Z,1,AthMu,SRP133100,leaf,
SRR6750165,not applicable,WGS,302,5216547170,PRJNA434660,SAMN08567280,Plant,2615204537,SOUTH DAKOTA STATE UNIVERSITY,public,"fastq,run.zq,sra","gs,ncbi,s3","gs.us-east1,ncbi.public,s3.us-east-1",4-8 leaves seedings,Columbia,SRX3722780,USA,North America,USA:Maryland,Illumina HiSeq 4000,20,PAIRED,RANDOM,GENOMIC,Arabidopsis thaliana,ILLUMINA,2018-12-11T00:00:00Z,2018-02-20T10:48:00Z,1,AthMu,SRP133100,leaf,
SRR6750166,not applicable,WGS,302,3389152418,PRJNA434660,SAMN08567280,Plant,1733314289,SOUTH DAKOTA STATE UNIVERSITY,public,"fastq,run.zq,sra","gs,ncbi,s3","gs.us-east1,ncbi.public,s3.us-east-1",4-8 leaves seedings,Columbia,SRX3722779,USA,North America,USA:Maryland,Illumina HiSeq 4000,22,PAIRED,RANDOM,GENOMIC,Arabidopsis thaliana,ILLUMINA,2018-12-11T00:00:00Z,2018-02-20T10:36:00Z,1,AthMu,SRP133100,leaf,
SRR6750167,not applicable,WGS,302,3664140934,PRJNA434660,SAMN08567280,Plant,1840347403,SOUTH DAKOTA STATE UNIVERSITY,public,"fastq,run.zq,sra","gs,ncbi,s3","gs.us-east1,ncbi.public,s3.us-east-1",4-8 leaves seedings,Columbia,SRX3722778,USA,North America,USA:Maryland,Illumina HiSeq 4000,23,PAIRED,RANDOM,GENOMIC,Arabidopsis thaliana,ILLUMINA,2018-12-11T00:00:00Z,2018-02-20T10:37:00Z,1,AthMu,SRP133100,leaf,
SRR6750168,not applicable,WGS,300,6344260274,PRJNA434660,SAMN08567280,Plant,2873984796,SOUTH DAKOTA STATE UNIVERSITY,public,"fastq,run.zq,sra","gs,ncbi,s3","gs.us-east1,ncbi.public,s3.us-east-1",4-8 leaves seedings,Columbia,SRX3722777,USA,North America,USA:Maryland,Illumina HiSeq 4000,111,PAIRED,RANDOM,GENOMIC,Arabidopsis thaliana,ILLUMINA,2018-12-11T00:00:00Z,2018-02-20T10:42:00Z,1,AthMu,SRP133100,leaf,
SRR6750169,not applicable,WGS,300,3744000180,PRJNA434660,SAMN08567280,Plant,1662691816,SOUTH DAKOTA STATE UNIVERSITY,public,"fastq,run.zq,sra","gs,ncbi,s3","gs.us-east1,ncbi.public,s3.us-east-1",4-8 leaves seedings,Columbia,SRX3722776,USA,North America,USA:Maryland,Illumina HiSeq 4000,119,PAIRED,RANDOM,GENOMIC,Arabidopsis thaliana,ILLUMINA,2018-12-11T00:00:00Z,2018-02-20T10:37:00Z,1,AthMu,SRP133100,leaf,
SRR6750172,not applicable,WGS,300,4169676013,PRJNA434660,SAMN08567280,Plant,1827330706,SOUTH DAKOTA STATE UNIVERSITY,public,"fastq,run.zq,sra","gs,ncbi,s3","gs.us-east1,ncbi.public,s3.us-east-1",4-8 leaves seedings,Columbia,SRX3722773,USA,North America,USA:Maryland,Illumina HiSeq 4000,116,PAIRED,RANDOM,GENOMIC,Arabidopsis thaliana,ILLUMINA,2018-12-11T00:00:00Z,2018-02-20T10:40:00Z,1,AthMu,SRP133100,leaf,
SRR6750173,not applicable,WGS,300,4322176589,PRJNA434660,SAMN08567280,Plant,1901877904,SOUTH DAKOTA STATE UNIVERSITY,public,"fastq,run.zq,sra","gs,ncbi,s3","gs.us-east1,ncbi.public,s3.us-east-1",4-8 leaves seedings,Columbia,SRX3722772,USA,North America,USA:Maryland,Illumina HiSeq 4000,115,PAIRED,RANDOM,GENOMIC,Arabidopsis thaliana,ILLUMINA,2018-12-11T00:00:00Z,2018-02-20T10:46:00Z,1,AthMu,SRP133100,leaf,
SRR6750174,not applicable,WGS,300,4323065345,PRJNA434660,SAMN08567280,Plant,1955801340,SOUTH DAKOTA STATE UNIVERSITY,public,"fastq,run.zq,sra","gs,ncbi,s3","gs.us-east1,ncbi.public,s3.us-east-1",4-8 leaves seedings,Columbia,SRX3722771,USA,North America,USA:Maryland,Illumina HiSeq 4000,114,PAIRED,RANDOM,GENOMIC,Arabidopsis thaliana,ILLUMINA,2018-12-11T00:00:00Z,2018-02-20T10:40:00Z,1,AthMu,SRP133100,leaf,
SRR6750175,not applicable,WGS,300,5088864040,PRJNA434660,SAMN08567280,Plant,2297681507,SOUTH DAKOTA STATE UNIVERSITY,public,"fastq,run.zq,sra","gs,ncbi,s3","gs.us-east1,ncbi.public,s3.us-east-1",4-8 leaves seedings,Columbia,SRX3722770,USA,North America,USA:Maryland,Illumina HiSeq 4000,113,PAIRED,RANDOM,GENOMIC,Arabidopsis thaliana,ILLUMINA,2018-12-11T00:00:00Z,2018-02-20T10:47:00Z,1,AthMu,SRP133100,leaf,
SRR6750176,not applicable,WGS,300,1885223484,PRJNA434660,SAMN08567280,Plant,1040870934,SOUTH DAKOTA STATE UNIVERSITY,public,"fastq,run.zq,sra","gs,ncbi,s3","gs.us-east1,ncbi.public,s3.us-east-1",4-8 leaves seedings,Columbia,SRX3722769,USA,North America,USA:Maryland,Illumina HiSeq 4000,101,PAIRED,RANDOM,GENOMIC,Arabidopsis thaliana,ILLUMINA,2018-12-11T00:00:00Z,2018-02-20T10:34:00Z,1,AthMu,SRP133100,leaf,
SRR6750177,not applicable,WGS,300,2208068057,PRJNA434660,SAMN08567280,Plant,1219211642,SOUTH DAKOTA STATE UNIVERSITY,public,"fastq,run.zq,sra","gs,ncbi,s3","gs.us-east1,ncbi.public,s3.us-east-1",4-8 leaves seedings,Columbia,SRX3722768,USA,North America,USA:Maryland,Illumina HiSeq 4000,102,PAIRED,RANDOM,GENOMIC,Arabidopsis thaliana,ILLUMINA,2018-12-11T00:00:00Z,2018-02-20T10:38:00Z,1,AthMu,SRP133100,leaf,
SRR6750178,not applicable,WGS,300,2332152672,PRJNA434660,SAMN08567280,Plant,1286400199,SOUTH DAKOTA STATE UNIVERSITY,public,"fastq,run.zq,sra","gs,ncbi,s3","gs.us-east1,ncbi.public,s3.us-east-1",4-8 leaves seedings,Columbia,SRX3722767,USA,North America,USA:Maryland,Illumina HiSeq 4000,103,PAIRED,RANDOM,GENOMIC,Arabidopsis thaliana,ILLUMINA,2018-12-11T00:00:00Z,2018-02-20T10:35:00Z,1,AthMu,SRP133100,leaf,
SRR6750179,not applicable,WGS,300,7623704788,PRJNA434660,SAMN08567280,Plant,3343235102,SOUTH DAKOTA STATE UNIVERSITY,public,"fastq,run.zq,sra","gs,ncbi,s3","gs.us-east1,ncbi.public,s3.us-east-1",4-8 leaves seedings,Columbia,SRX3722766,USA,North America,USA:Maryland,Illumina HiSeq 4000,105,PAIRED,RANDOM,GENOMIC,Arabidopsis thaliana,ILLUMINA,2018-12-11T00:00:00Z,2018-02-20T10:48:00Z,1,AthMu,SRP133100,leaf,
SRR6750180,not applicable,WGS,300,4709679994,PRJNA434660,SAMN08567280,Plant,2058136722,SOUTH DAKOTA STATE UNIVERSITY,public,"fastq,run.zq,sra","gs,ncbi,s3","gs.us-east1,ncbi.public,s3.us-east-1",4-8 leaves seedings,Columbia,SRX3722765,USA,North America,USA:Maryland,Illumina HiSeq 4000,106,PAIRED,RANDOM,GENOMIC,Arabidopsis thaliana,ILLUMINA,2018-12-11T00:00:00Z,2018-02-20T10:41:00Z,1,AthMu,SRP133100,leaf,
SRR6750181,not applicable,WGS,300,7336925147,PRJNA434660,SAMN08567280,Plant,3213400154,SOUTH DAKOTA STATE UNIVERSITY,public,"fastq,run.zq,sra","gs,ncbi,s3","gs.us-east1,ncbi.public,s3.us-east-1",4-8 leaves seedings,Columbia,SRX3722764,USA,North America,USA:Maryland,Illumina HiSeq 4000,108,PAIRED,RANDOM,GENOMIC,Arabidopsis thaliana,ILLUMINA,2018-12-11T00:00:00Z,2018-02-20T10:47:00Z,1,AthMu,SRP133100,leaf,
SRR6750188,not applicable,WGS,302,5850649020,PRJNA434660,SAMN08567280,Plant,2939556751,SOUTH DAKOTA STATE UNIVERSITY,public,"fastq,run.zq,sra","gs,ncbi,s3","gs.us-east1,ncbi.public,s3.us-east-1",4-8 leaves seedings,Columbia,SRX3722757,USA,North America,USA:Maryland,Illumina HiSeq 4000,1,PAIRED,RANDOM,GENOMIC,Arabidopsis thaliana,ILLUMINA,2018-12-11T00:00:00Z,2018-02-20T10:43:00Z,1,AthMu,SRP133100,leaf,
SRR6750190,not applicable,WGS,302,5760067442,PRJNA434660,SAMN08567280,Plant,2833780943,SOUTH DAKOTA STATE UNIVERSITY,public,"fastq,run.zq,sra","gs,ncbi,s3","gs.us-east1,ncbi.public,s3.us-east-1",4-8 leaves seedings,Columbia,SRX3722755,USA,North America,USA:Maryland,Illumina HiSeq 4000,3,PAIRED,RANDOM,GENOMIC,Arabidopsis thaliana,ILLUMINA,2018-12-11T00:00:00Z,2018-02-20T10:46:00Z,1,AthMu,SRP133100,leaf,
SRR6750191,not applicable,WGS,302,5974215340,PRJNA434660,SAMN08567280,Plant,2954933905,SOUTH DAKOTA STATE UNIVERSITY,public,"fastq,run.zq,sra","gs,ncbi,s3","gs.us-east1,ncbi.public,s3.us-east-1",4-8 leaves seedings,Columbia,SRX3722754,USA,North America,USA:Maryland,Illumina HiSeq 4000,4,PAIRED,RANDOM,GENOMIC,Arabidopsis thaliana,ILLUMINA,2018-12-11T00:00:00Z,2018-02-20T10:46:00Z,1,AthMu,SRP133100,leaf,
SRR6750192,not applicable,WGS,302,7539907764,PRJNA434660,SAMN08567280,Plant,3712360955,SOUTH DAKOTA STATE UNIVERSITY,public,"fastq,run.zq,sra","gs,ncbi,s3","gs.us-east1,ncbi.public,s3.us-east-1",4-8 leaves seedings,Columbia,SRX3722753,USA,North America,USA:Maryland,Illumina HiSeq 4000,9,PAIRED,RANDOM,GENOMIC,Arabidopsis thaliana,ILLUMINA,2018-12-11T00:00:00Z,2018-02-20T11:18:00Z,1,AthMu,SRP133100,leaf,
SRR6750193,not applicable,WGS,302,2922793146,PRJNA434660,SAMN08567280,Plant,1449894043,SOUTH DAKOTA STATE UNIVERSITY,public,"fastq,run.zq,sra","gs,ncbi,s3","gs.us-east1,ncbi.public,s3.us-east-1",4-8 leaves seedings,Columbia,SRX3722752,USA,North America,USA:Maryland,Illumina HiSeq 4000,11,PAIRED,RANDOM,GENOMIC,Arabidopsis thaliana,ILLUMINA,2018-12-11T00:00:00Z,2018-02-20T10:40:00Z,1,AthMu,SRP133100,leaf,
SRR6750194,not applicable,WGS,300,6752190804,PRJNA434660,SAMN08567280,Plant,2976980786,SOUTH DAKOTA STATE UNIVERSITY,public,"fastq,run.zq,sra","gs,ncbi,s3","gs.us-east1,ncbi.public,s3.us-east-1",4-8 leaves seedings,Columbia,SRX3722751,USA,North America,USA:Maryland,Illumina HiSeq 4000,112,PAIRED,RANDOM,GENOMIC,Arabidopsis thaliana,ILLUMINA,2018-12-11T00:00:00Z,2018-02-20T11:00:00Z,1,AthMu,SRP133100,leaf,
SRR6750199,not applicable,WGS,302,2640499552,PRJNA434660,SAMN08567280,Plant,1340584186,SOUTH DAKOTA STATE UNIVERSITY,public,"fastq,run.zq,sra","gs,ncbi,s3","gs.us-east1,ncbi.public,s3.us-east-1",4-8 leaves seedings,Columbia,SRX3722746,USA,North America,USA:Maryland,Illumina HiSeq 4000,32,PAIRED,RANDOM,GENOMIC,Arabidopsis thaliana,ILLUMINA,2018-12-11T00:00:00Z,2018-02-20T10:43:00Z,1,AthMu,SRP133100,leaf,
SRR6750200,not applicable,WGS,302,1904903656,PRJNA434660,SAMN08567280,Plant,963701635,SOUTH DAKOTA STATE UNIVERSITY,public,"fastq,run.zq,sra","gs,ncbi,s3","gs.us-east1,ncbi.public,s3.us-east-1",4-8 leaves seedings,Columbia,SRX3722745,USA,North America,USA:Maryland,Illumina HiSeq 4000,31,PAIRED,RANDOM,GENOMIC,Arabidopsis thaliana,ILLUMINA,2018-12-11T00:00:00Z,2018-02-20T10:39:00Z,1,AthMu,SRP133100,leaf,
SRR6750204,not applicable,WGS,302,3742380980,PRJNA434660,SAMN08567280,Plant,1896616612,SOUTH DAKOTA STATE UNIVERSITY,public,"fastq,run.zq,sra","gs,ncbi,s3","gs.us-east1,ncbi.public,s3.us-east-1",4-8 leaves seedings,Columbia,SRX3722741,USA,North America,USA:Maryland,Illumina HiSeq 4000,26,PAIRED,RANDOM,GENOMIC,Arabidopsis thaliana,ILLUMINA,2018-12-11T00:00:00Z,2018-02-20T10:50:00Z,1,AthMu,SRP133100,leaf,
